date,state,district,pincode,bio_age_5_17,bio_age_17_
03-12-2025,Lakshadweep,Lakshadweep,682556,0,2
03-12-2025,Lakshadweep,Lakshadweep,682559,2,1
14-12-2025,Lakshadweep,Lakshadweep,682555,0,1
07-12-2025,Lakshadweep,Lakshadweep,682558,1,1
11-12-2025,Lakshadweep,Lakshadweep,682558,0,1
01-01-2026,Lakshadweep,Lakshadweep,682556,2,0
01-01-2026,Lakshadweep,Lakshadweep,682558,3,0
02-01-2026,Lakshadweep,Lakshadweep,682557,2,3
19-12-2025,Lakshadweep,Lakshadweep,682557,2,0
25-12-2025,Lakshadweep,Lakshadweep,682559,2,1
28-12-2025,Lakshadweep,Lakshadweep,682552,1,3
29-12-2025,Lakshadweep,Lakshadweep,682557,0,1
27-12-2025,Lakshadweep,Lakshadweep,682558,1,0
26-12-2025,Lakshadweep,Lakshadweep,682559,0,1
17-12-2025,Lakshadweep,Lakshadweep,682553,0,6
18-12-2025,Lakshadweep,Lakshadweep,682559,1,0
19-12-2025,Lakshadweep,Lakshadweep,682558,0,1
12-12-2025,Lakshadweep,Lakshadweep,682555,0,1
14-12-2025,Lakshadweep,Lakshadweep,682553,0,1
25-11-2025,Lakshadweep,Lakshadweep,682554,0,1
01-11-2025,Lakshadweep,Lakshadweep,682554,0,1
08-11-2025,Lakshadweep,Lakshadweep,682553,1,0
03-11-2025,Lakshadweep,Lakshadweep,682556,1,1
01-04-2025,Lakshadweep,Lakshadweep,682559,29,32
01-04-2025,Lakshadweep,Lakshadweep,682553,70,50
01-05-2025,Lakshadweep,Lakshadweep,682551,56,80
01-06-2025,Lakshadweep,Lakshadweep,682552,49,60
26-10-2025,Lakshadweep,Lakshadweep,682556,2,1
28-10-2025,Lakshadweep,Lakshadweep,682558,1,0
02-11-2025,Lakshadweep,Lakshadweep,682551,1,0
16-11-2025,Lakshadweep,Lakshadweep,682558,0,1
17-10-2025,Lakshadweep,Lakshadweep,682552,0,1
10-10-2025,Lakshadweep,Lakshadweep,682556,0,2
10-10-2025,Lakshadweep,Lakshadweep,682557,1,2
05-07-2025,Lakshadweep,Lakshadweep,682552,0,5
02-07-2025,Lakshadweep,Lakshadweep,682552,0,3
23-06-2025,Lakshadweep,Lakshadweep,682554,0,1
27-06-2025,Lakshadweep,Lakshadweep,682554,0,1
27-06-2025,Lakshadweep,Lakshadweep,682558,0,1
16-06-2025,Lakshadweep,Lakshadweep,682558,0,1
18-10-2025,Lakshadweep,Lakshadweep,682555,7,1
18-10-2025,Lakshadweep,Lakshadweep,682556,2,0
14-06-2025,Lakshadweep,Lakshadweep,682556,0,2
19-10-2025,Lakshadweep,Lakshadweep,682559,3,2
26-05-2025,Lakshadweep,Lakshadweep,682557,0,1
06-07-2025,Lakshadweep,Lakshadweep,682556,0,1
10-07-2025,Lakshadweep,Lakshadweep,682554,0,1
14-07-2025,Lakshadweep,Lakshadweep,682552,1,3
14-07-2025,Lakshadweep,Lakshadweep,682553,0,5
24-05-2025,Lakshadweep,Lakshadweep,682558,0,1
24-07-2025,Lakshadweep,Lakshadweep,682552,0,1
22-07-2025,Lakshadweep,Lakshadweep,682557,0,1
20-05-2025,Lakshadweep,Lakshadweep,682553,0,1
16-06-2025,Lakshadweep,Lakshadweep,682552,0,1
17-06-2025,Lakshadweep,Lakshadweep,682551,0,2
17-06-2025,Lakshadweep,Lakshadweep,682555,0,4
17-06-2025,Lakshadweep,Lakshadweep,682557,0,1
13-06-2025,Lakshadweep,Lakshadweep,682559,2,5
15-06-2025,Lakshadweep,Lakshadweep,682556,0,1
14-06-2025,Lakshadweep,Lakshadweep,682552,1,1
14-06-2025,Lakshadweep,Lakshadweep,682554,0,1
12-06-2025,Lakshadweep,Lakshadweep,682555,0,4
10-06-2025,Lakshadweep,Lakshadweep,682556,3,1
09-06-2025,Lakshadweep,Lakshadweep,682556,3,0
09-06-2025,Lakshadweep,Lakshadweep,682558,2,0
11-06-2025,Lakshadweep,Lakshadweep,682551,2,5
18-06-2025,Lakshadweep,Lakshadweep,682553,3,3
18-06-2025,Lakshadweep,Lakshadweep,682555,0,1
06-07-2025,Lakshadweep,Lakshadweep,682553,2,0
07-07-2025,Lakshadweep,Lakshadweep,682557,0,1
08-07-2025,Lakshadweep,Lakshadweep,682551,0,5
08-07-2025,Lakshadweep,Lakshadweep,682552,0,1
21-06-2025,Lakshadweep,Lakshadweep,682551,1,8
21-06-2025,Lakshadweep,Lakshadweep,682552,1,1
21-06-2025,Lakshadweep,Lakshadweep,682556,0,2
23-06-2025,Lakshadweep,Lakshadweep,682553,3,3
23-06-2025,Lakshadweep,Lakshadweep,682555,0,1
23-06-2025,Lakshadweep,Lakshadweep,682556,0,1
23-06-2025,Lakshadweep,Lakshadweep,682558,0,1
24-06-2025,Lakshadweep,Lakshadweep,682551,3,9
10-07-2025,Lakshadweep,Lakshadweep,682555,0,4
10-07-2025,Lakshadweep,Lakshadweep,682557,0,2
01-08-2025,Lakshadweep,Lakshadweep,682558,0,2
25-07-2025,Lakshadweep,Lakshadweep,682553,0,1
25-07-2025,Lakshadweep,Lakshadweep,682557,1,0
24-07-2025,Lakshadweep,Lakshadweep,682557,0,1
04-08-2025,Lakshadweep,Lakshadweep,682551,1,6
04-08-2025,Lakshadweep,Lakshadweep,682559,1,1
31-07-2025,Lakshadweep,Lakshadweep,682551,1,9
31-07-2025,Lakshadweep,Lakshadweep,682556,1,2
07-08-2025,Lakshadweep,Lakshadweep,682556,1,2
07-08-2025,Lakshadweep,Lakshadweep,682559,1,2
06-08-2025,Lakshadweep,Lakshadweep,682551,2,8
10-08-2025,Lakshadweep,Lakshadweep,682556,0,1
11-08-2025,Lakshadweep,Lakshadweep,682552,0,1
11-08-2025,Lakshadweep,Lakshadweep,682553,0,6
11-08-2025,Lakshadweep,Lakshadweep,682554,0,1
11-08-2025,Lakshadweep,Lakshadweep,682556,0,1
15-08-2025,Lakshadweep,Lakshadweep,682552,1,0
16-08-2025,Lakshadweep,Lakshadweep,682555,1,1
05-08-2025,Lakshadweep,Lakshadweep,682558,0,3
09-08-2025,Lakshadweep,Lakshadweep,682552,3,1
09-08-2025,Lakshadweep,Lakshadweep,682558,2,0
12-08-2025,Lakshadweep,Lakshadweep,682551,0,2
12-08-2025,Lakshadweep,Lakshadweep,682552,0,2
12-08-2025,Lakshadweep,Lakshadweep,682555,0,2
13-08-2025,Lakshadweep,Lakshadweep,682552,0,2
13-08-2025,Lakshadweep,Lakshadweep,682553,1,2
14-08-2025,Lakshadweep,Lakshadweep,682552,1,4
14-08-2025,Lakshadweep,Lakshadweep,682558,0,5
14-08-2025,Lakshadweep,Lakshadweep,682559,0,3
21-07-2025,Lakshadweep,Lakshadweep,682551,2,3
28-07-2025,Lakshadweep,Lakshadweep,682551,0,5
28-07-2025,Lakshadweep,Lakshadweep,682552,0,4
28-07-2025,Lakshadweep,Lakshadweep,682559,0,4
20-07-2025,Lakshadweep,Lakshadweep,682552,0,1
20-07-2025,Lakshadweep,Lakshadweep,682557,3,0
19-07-2025,Lakshadweep,Lakshadweep,682553,1,0
02-08-2025,Lakshadweep,Lakshadweep,682557,0,1
02-08-2025,Lakshadweep,Lakshadweep,682559,1,0
18-08-2025,Lakshadweep,Lakshadweep,682555,3,1
19-08-2025,Lakshadweep,Lakshadweep,682552,0,2
19-08-2025,Lakshadweep,Lakshadweep,682555,0,1
02-10-2025,Lakshadweep,Lakshadweep,682552,2,0
02-10-2025,Lakshadweep,Lakshadweep,682558,1,0
04-10-2025,Lakshadweep,Lakshadweep,682557,2,1
24-10-2025,Lakshadweep,Lakshadweep,682551,0,2
24-10-2025,Lakshadweep,Lakshadweep,682552,0,1
24-10-2025,Lakshadweep,Lakshadweep,682557,1,3
25-10-2025,Lakshadweep,Lakshadweep,682553,1,2
12-10-2025,Lakshadweep,Lakshadweep,682556,1,3
13-10-2025,Lakshadweep,Lakshadweep,682559,1,2
15-10-2025,Lakshadweep,Lakshadweep,682553,2,2
15-10-2025,Lakshadweep,Lakshadweep,682556,1,1
16-10-2025,Lakshadweep,Lakshadweep,682553,0,2
16-10-2025,Lakshadweep,Lakshadweep,682557,5,2
04-11-2025,Lakshadweep,Lakshadweep,682551,3,4
04-11-2025,Lakshadweep,Lakshadweep,682553,0,2
04-11-2025,Lakshadweep,Lakshadweep,682555,1,1
11-11-2025,Lakshadweep,Lakshadweep,682552,0,1
03-10-2025,Lakshadweep,Lakshadweep,682557,0,1
17-10-2025,Lakshadweep,Lakshadweep,682557,1,1
31-10-2025,Lakshadweep,Lakshadweep,682551,4,2
05-10-2025,Lakshadweep,Lakshadweep,682552,2,1
05-10-2025,Lakshadweep,Lakshadweep,682557,15,0
06-10-2025,Lakshadweep,Lakshadweep,682553,0,1
29-09-2025,Lakshadweep,Lakshadweep,682558,1,1
29-10-2025,Lakshadweep,Lakshadweep,682555,1,0
29-10-2025,Lakshadweep,Lakshadweep,682557,0,5
29-10-2025,Lakshadweep,Lakshadweep,682559,0,2
14-10-2025,Lakshadweep,Lakshadweep,682557,10,0
26-10-2025,Lakshadweep,Lakshadweep,682551,2,0
26-10-2025,Lakshadweep,Lakshadweep,682552,2,0
26-10-2025,Lakshadweep,Lakshadweep,682553,1,0
26-10-2025,Lakshadweep,Lakshadweep,682555,2,1
28-10-2025,Lakshadweep,Lakshadweep,682552,0,4
28-10-2025,Lakshadweep,Lakshadweep,682557,3,5
17-11-2025,Lakshadweep,Lakshadweep,682555,2,3
17-11-2025,Lakshadweep,Lakshadweep,682557,0,3
17-11-2025,Lakshadweep,Lakshadweep,682558,0,1
22-11-2025,Lakshadweep,Lakshadweep,682552,1,4
22-11-2025,Lakshadweep,Lakshadweep,682555,0,1
21-11-2025,Lakshadweep,Lakshadweep,682551,1,0
16-11-2025,Lakshadweep,Lakshadweep,682556,2,0
20-11-2025,Lakshadweep,Lakshadweep,682552,0,1
20-11-2025,Lakshadweep,Lakshadweep,682559,1,1
18-11-2025,Lakshadweep,Lakshadweep,682559,0,4
09-10-2025,Lakshadweep,Lakshadweep,682559,2,3
23-10-2025,Lakshadweep,Lakshadweep,682555,1,0
22-10-2025,Lakshadweep,Lakshadweep,682551,5,3
22-10-2025,Lakshadweep,Lakshadweep,682552,2,1
22-10-2025,Lakshadweep,Lakshadweep,682557,8,2
11-10-2025,Lakshadweep,Lakshadweep,682553,4,0
11-10-2025,Lakshadweep,Lakshadweep,682555,2,0
11-10-2025,Lakshadweep,Lakshadweep,682556,1,0
11-10-2025,Lakshadweep,Lakshadweep,682559,3,0
27-10-2025,Lakshadweep,Lakshadweep,682559,0,1
02-11-2025,Lakshadweep,Lakshadweep,682554,1,0
03-11-2025,Lakshadweep,Lakshadweep,682552,1,0
03-11-2025,Lakshadweep,Lakshadweep,682559,1,0
01-11-2025,Lakshadweep,Lakshadweep,682555,0,2
08-11-2025,Lakshadweep,Lakshadweep,682556,0,1
07-11-2025,Lakshadweep,Lakshadweep,682554,1,0
07-11-2025,Lakshadweep,Lakshadweep,682555,0,1
30-11-2025,Lakshadweep,Lakshadweep,682551,2,3
30-11-2025,Lakshadweep,Lakshadweep,682555,0,1
27-11-2025,Lakshadweep,Lakshadweep,682551,4,3
27-11-2025,Lakshadweep,Lakshadweep,682552,0,4
27-11-2025,Lakshadweep,Lakshadweep,682556,0,1
28-11-2025,Lakshadweep,Lakshadweep,682553,7,1
09-12-2025,Lakshadweep,Lakshadweep,682553,2,2
10-12-2025,Lakshadweep,Lakshadweep,682553,1,2
02-12-2025,Lakshadweep,Lakshadweep,682555,0,2
02-12-2025,Lakshadweep,Lakshadweep,682556,0,1
02-12-2025,Lakshadweep,Lakshadweep,682558,0,2
04-12-2025,Lakshadweep,Lakshadweep,682559,0,3
11-12-2025,Lakshadweep,Lakshadweep,682555,1,1
11-12-2025,Lakshadweep,Lakshadweep,682557,1,0
11-12-2025,Lakshadweep,Lakshadweep,682559,0,1
13-12-2025,Lakshadweep,Lakshadweep,682554,0,2
12-12-2025,Lakshadweep,Lakshadweep,682557,1,1
12-12-2025,Lakshadweep,Lakshadweep,682558,1,0
14-12-2025,Lakshadweep,Lakshadweep,682559,1,4
15-12-2025,Lakshadweep,Lakshadweep,682557,1,1
24-09-2025,Lakshadweep,Lakshadweep,682553,0,2
16-09-2025,Lakshadweep,Lakshadweep,682552,0,1
25-09-2025,Lakshadweep,Lakshadweep,682553,0,1
27-09-2025,Lakshadweep,Lakshadweep,682553,0,3
06-10-2025,Lakshadweep,Lakshadweep,682556,1,1
06-10-2025,Lakshadweep,Lakshadweep,682558,0,4
29-08-2025,Lakshadweep,Lakshadweep,682555,0,3
29-08-2025,Lakshadweep,Lakshadweep,682559,0,1
02-09-2025,Lakshadweep,Lakshadweep,682559,0,1
30-08-2025,Lakshadweep,Lakshadweep,682559,0,1
19-08-2025,Lakshadweep,Lakshadweep,682553,0,2
19-08-2025,Lakshadweep,Lakshadweep,682556,0,2
13-08-2025,Lakshadweep,Lakshadweep,682554,0,1
13-08-2025,Lakshadweep,Lakshadweep,682557,0,1
08-08-2025,Lakshadweep,Lakshadweep,682555,0,1
04-09-2025,Lakshadweep,Lakshadweep,682557,0,1
08-09-2025,Lakshadweep,Lakshadweep,682557,0,1
11-09-2025,Lakshadweep,Lakshadweep,682558,0,1
03-09-2025,Lakshadweep,Lakshadweep,682557,0,2
25-08-2025,Lakshadweep,Lakshadweep,682555,0,3
01-08-2025,Lakshadweep,Lakshadweep,682555,0,1
20-05-2025,Lakshadweep,Lakshadweep,682556,0,1
22-05-2025,Lakshadweep,Lakshadweep,682551,3,5
01-07-2025,Lakshadweep,Lakshadweep,682556,0,2
03-07-2025,Lakshadweep,Lakshadweep,682553,0,5
03-07-2025,Lakshadweep,Lakshadweep,682557,0,1
03-07-2025,Lakshadweep,Lakshadweep,682558,0,3
27-06-2025,Lakshadweep,Lakshadweep,682555,0,3
27-06-2025,Lakshadweep,Lakshadweep,682559,1,1
05-07-2025,Lakshadweep,Lakshadweep,682555,1,1
05-07-2025,Lakshadweep,Lakshadweep,682557,1,1
17-07-2025,Lakshadweep,Lakshadweep,682551,1,1
17-07-2025,Lakshadweep,Lakshadweep,682556,2,1
25-06-2025,Lakshadweep,Lakshadweep,682555,0,2
25-06-2025,Lakshadweep,Lakshadweep,682559,0,5
29-06-2025,Lakshadweep,Lakshadweep,682555,1,0
30-06-2025,Lakshadweep,Lakshadweep,682553,2,3
11-07-2025,Lakshadweep,Lakshadweep,682551,0,2
11-07-2025,Lakshadweep,Lakshadweep,682555,0,3
13-07-2025,Lakshadweep,Lakshadweep,682551,0,1
12-07-2025,Lakshadweep,Lakshadweep,682557,0,1
15-07-2025,Lakshadweep,Lakshadweep,682559,1,2
31-05-2025,Lakshadweep,Lakshadweep,682555,0,2
31-05-2025,Lakshadweep,Lakshadweep,682558,0,1
05-06-2025,Lakshadweep,Lakshadweep,682553,0,1
05-06-2025,Lakshadweep,Lakshadweep,682555,0,4
07-06-2025,Lakshadweep,Lakshadweep,682559,0,1
06-06-2025,Lakshadweep,Lakshadweep,682551,1,3
26-05-2025,Lakshadweep,Lakshadweep,682552,1,2
27-05-2025,Lakshadweep,Lakshadweep,682551,4,2
28-05-2025,Lakshadweep,Lakshadweep,682553,4,3
28-05-2025,Lakshadweep,Lakshadweep,682556,0,1
29-05-2025,Lakshadweep,Lakshadweep,682551,1,3
29-05-2025,Lakshadweep,Lakshadweep,682554,0,1
29-05-2025,Lakshadweep,Lakshadweep,682557,1,3
02-06-2025,Lakshadweep,Lakshadweep,682553,0,1
02-06-2025,Lakshadweep,Lakshadweep,682558,0,1
02-06-2025,Lakshadweep,Lakshadweep,682559,0,3
03-06-2025,Lakshadweep,Lakshadweep,682552,2,3
03-06-2025,Lakshadweep,Lakshadweep,682554,0,1
30-05-2025,Lakshadweep,Lakshadweep,682552,0,5
19-06-2025,Lakshadweep,Lakshadweep,682555,0,1
19-06-2025,Lakshadweep,Lakshadweep,682558,0,2
20-06-2025,Lakshadweep,Lakshadweep,682551,2,4
20-06-2025,Lakshadweep,Lakshadweep,682554,0,2
25-08-2025,Lakshadweep,Lakshadweep,682553,0,1
23-08-2025,Lakshadweep,Lakshadweep,682552,0,2
11-09-2025,Lakshadweep,Lakshadweep,682551,1,2
11-09-2025,Lakshadweep,Lakshadweep,682553,0,1
06-09-2025,Lakshadweep,Lakshadweep,682556,1,0
08-09-2025,Lakshadweep,Lakshadweep,682556,9,0
04-09-2025,Lakshadweep,Lakshadweep,682558,1,2
03-09-2025,Lakshadweep,Lakshadweep,682551,1,2
03-09-2025,Lakshadweep,Lakshadweep,682556,1,0
09-09-2025,Lakshadweep,Lakshadweep,682558,0,4
10-09-2025,Lakshadweep,Lakshadweep,682551,9,3
15-09-2025,Lakshadweep,Lakshadweep,682552,3,2
15-09-2025,Lakshadweep,Lakshadweep,682553,1,3
01-09-2025,Lakshadweep,Lakshadweep,682559,0,1
22-08-2025,Lakshadweep,Lakshadweep,682551,0,2
19-09-2025,Lakshadweep,Lakshadweep,682553,0,4
19-09-2025,Lakshadweep,Lakshadweep,682559,1,2
20-09-2025,Lakshadweep,Lakshadweep,682551,4,2
20-09-2025,Lakshadweep,Lakshadweep,682557,0,2
21-09-2025,Lakshadweep,Lakshadweep,682556,0,1
17-09-2025,Lakshadweep,Lakshadweep,682554,1,0
18-09-2025,Lakshadweep,Lakshadweep,682555,2,3
18-09-2025,Lakshadweep,Lakshadweep,682559,1,3
23-09-2025,Lakshadweep,Lakshadweep,682556,1,2
26-09-2025,Lakshadweep,Lakshadweep,682551,2,3
26-09-2025,Lakshadweep,Lakshadweep,682556,1,1
27-09-2025,Lakshadweep,Lakshadweep,682551,1,2
27-09-2025,Lakshadweep,Lakshadweep,682555,8,4
27-09-2025,Lakshadweep,Lakshadweep,682556,2,1
01-10-2025,Lakshadweep,Lakshadweep,682558,0,1
31-08-2025,Lakshadweep,Lakshadweep,682552,0,1
30-08-2025,Lakshadweep,Lakshadweep,682557,1,2
02-09-2025,Lakshadweep,Lakshadweep,682555,1,2
12-09-2025,Lakshadweep,Lakshadweep,682552,1,2
12-09-2025,Lakshadweep,Lakshadweep,682558,2,0
13-09-2025,Lakshadweep,Lakshadweep,682557,2,2
21-12-2025,Lakshadweep,Lakshadweep,682551,1,1
21-12-2025,Lakshadweep,Lakshadweep,682553,2,0
22-12-2025,Lakshadweep,Lakshadweep,682552,6,2
19-12-2025,Lakshadweep,Lakshadweep,682556,0,2
19-12-2025,Lakshadweep,Lakshadweep,682559,0,4
18-12-2025,Lakshadweep,Lakshadweep,682556,3,1
20-12-2025,Lakshadweep,Lakshadweep,682551,0,1
20-12-2025,Lakshadweep,Lakshadweep,682552,0,2
20-12-2025,Lakshadweep,Lakshadweep,682557,1,1
24-12-2025,Lakshadweep,Lakshadweep,682559,1,1
25-12-2025,Lakshadweep,Lakshadweep,682552,3,4
25-12-2025,Lakshadweep,Lakshadweep,682555,0,1
26-12-2025,Lakshadweep,Lakshadweep,682551,5,2
26-12-2025,Lakshadweep,Lakshadweep,682555,1,1
25-11-2025,Lakshadweep,Lakshadweep,682557,9,4
16-12-2025,Lakshadweep,Lakshadweep,682556,0,2
15-12-2025,Lakshadweep,Lakshadweep,682555,2,1
27-12-2025,Lakshadweep,Lakshadweep,682559,1,0
01-01-2026,Lakshadweep,Lakshadweep,682554,2,0
26-12-2025,Lakshadweep,Lakshadweep,682557,1,0
29-12-2025,Lakshadweep,Lakshadweep,682551,2,3
29-12-2025,Lakshadweep,Lakshadweep,682558,3,1
03-01-2026,Lakshadweep,Lakshadweep,682555,1,1
02-01-2026,Lakshadweep,Lakshadweep,682551,3,1
02-01-2026,Lakshadweep,Lakshadweep,682554,2,1
02-01-2026,Lakshadweep,Lakshadweep,682558,4,0
02-01-2026,Lakshadweep,Lakshadweep,682559,0,2
27-11-2025,Lakshadweep,Lakshadweep,682553,1,1
27-11-2025,Lakshadweep,Lakshadweep,682555,1,2
29-11-2025,Lakshadweep,Lakshadweep,682554,0,1
01-05-2025,Lakshadweep,Lakshadweep,682552,36,48
01-05-2025,Lakshadweep,Lakshadweep,682553,62,63
01-05-2025,Lakshadweep,Lakshadweep,682557,23,15
01-04-2025,Lakshadweep,Lakshadweep,682558,16,20
01-07-2025,Lakshadweep,Lakshadweep,682558,14,50
24-10-2025,Lakshadweep,Lakshadweep,682558,0,1
19-10-2025,Lakshadweep,Lakshadweep,682554,2,0
25-10-2025,Lakshadweep,Lakshadweep,682554,2,0
17-10-2025,Lakshadweep,Lakshadweep,682558,2,0
28-10-2025,Lakshadweep,Lakshadweep,682555,2,1
11-11-2025,Lakshadweep,Lakshadweep,682554,1,1
16-11-2025,Lakshadweep,Lakshadweep,682557,0,1
07-11-2025,Lakshadweep,Lakshadweep,682557,0,1
19-11-2025,Lakshadweep,Lakshadweep,682556,1,0
28-10-2025,Lakshadweep,Lakshadweep,682556,0,1
31-10-2025,Lakshadweep,Lakshadweep,682554,1,2
01-11-2025,Lakshadweep,Lakshadweep,682559,0,3
23-10-2025,Lakshadweep,Lakshadweep,682553,0,1
08-08-2025,Lakshadweep,Lakshadweep,682556,0,1
21-07-2025,Lakshadweep,Lakshadweep,682557,0,1
16-07-2025,Lakshadweep,Lakshadweep,682555,0,2
22-07-2025,Lakshadweep,Lakshadweep,682551,0,2
25-07-2025,Lakshadweep,Lakshadweep,682551,0,1
31-07-2025,Lakshadweep,Lakshadweep,682552,0,2
20-09-2025,Lakshadweep,Lakshadweep,682552,0,3
07-08-2025,Lakshadweep,Lakshadweep,682555,0,5
30-06-2025,Lakshadweep,Lakshadweep,682556,0,3
05-07-2025,Lakshadweep,Lakshadweep,682553,0,2
05-07-2025,Lakshadweep,Lakshadweep,682554,1,0
26-06-2025,Lakshadweep,Lakshadweep,682554,0,1
09-10-2025,Lakshadweep,Lakshadweep,682557,2,1
11-10-2025,Lakshadweep,Lakshadweep,682551,17,1
11-10-2025,Lakshadweep,Lakshadweep,682552,2,4
12-10-2025,Lakshadweep,Lakshadweep,682557,15,2
13-10-2025,Lakshadweep,Lakshadweep,682552,2,3
13-10-2025,Lakshadweep,Lakshadweep,682553,1,2
13-10-2025,Lakshadweep,Lakshadweep,682558,0,1
30-09-2025,Lakshadweep,Lakshadweep,682551,2,1
30-09-2025,Lakshadweep,Lakshadweep,682552,0,4
30-09-2025,Lakshadweep,Lakshadweep,682554,0,2
30-09-2025,Lakshadweep,Lakshadweep,682555,2,3
30-09-2025,Lakshadweep,Lakshadweep,682557,0,2
06-10-2025,Lakshadweep,Lakshadweep,682551,1,4
06-10-2025,Lakshadweep,Lakshadweep,682559,0,1
04-10-2025,Lakshadweep,Lakshadweep,682551,2,3
04-10-2025,Lakshadweep,Lakshadweep,682558,1,2
04-10-2025,Lakshadweep,Lakshadweep,682559,1,3
05-10-2025,Lakshadweep,Lakshadweep,682556,0,3
07-10-2025,Lakshadweep,Lakshadweep,682552,0,2
07-10-2025,Lakshadweep,Lakshadweep,682558,0,1
08-10-2025,Lakshadweep,Lakshadweep,682551,3,8
08-10-2025,Lakshadweep,Lakshadweep,682556,0,1
24-09-2025,Lakshadweep,Lakshadweep,682551,3,3
24-09-2025,Lakshadweep,Lakshadweep,682555,23,0
26-09-2025,Lakshadweep,Lakshadweep,682558,1,0
25-09-2025,Lakshadweep,Lakshadweep,682551,1,2
25-09-2025,Lakshadweep,Lakshadweep,682554,0,1
25-09-2025,Lakshadweep,Lakshadweep,682556,1,1
25-09-2025,Lakshadweep,Lakshadweep,682557,2,1
01-10-2025,Lakshadweep,Lakshadweep,682559,0,2
08-09-2025,Lakshadweep,Lakshadweep,682558,0,1
07-09-2025,Lakshadweep,Lakshadweep,682551,3,0
07-09-2025,Lakshadweep,Lakshadweep,682557,1,0
10-09-2025,Lakshadweep,Lakshadweep,682559,4,2
19-09-2025,Lakshadweep,Lakshadweep,682551,3,2
02-09-2025,Lakshadweep,Lakshadweep,682554,1,0
03-09-2025,Lakshadweep,Lakshadweep,682555,0,3
03-09-2025,Lakshadweep,Lakshadweep,682559,1,1
18-09-2025,Lakshadweep,Lakshadweep,682552,0,2
18-09-2025,Lakshadweep,Lakshadweep,682556,1,2
18-09-2025,Lakshadweep,Lakshadweep,682557,1,4
16-10-2025,Lakshadweep,Lakshadweep,682551,6,4
16-10-2025,Lakshadweep,Lakshadweep,682556,1,2
15-10-2025,Lakshadweep,Lakshadweep,682557,10,1
25-10-2025,Lakshadweep,Lakshadweep,682551,2,3
25-10-2025,Lakshadweep,Lakshadweep,682557,1,2
23-10-2025,Lakshadweep,Lakshadweep,682559,1,1
22-10-2025,Lakshadweep,Lakshadweep,682553,0,2
31-10-2025,Lakshadweep,Lakshadweep,682558,0,1
31-10-2025,Lakshadweep,Lakshadweep,682559,0,3
05-11-2025,Lakshadweep,Lakshadweep,682553,4,2
05-11-2025,Lakshadweep,Lakshadweep,682555,3,4
05-11-2025,Lakshadweep,Lakshadweep,682556,0,1
24-10-2025,Lakshadweep,Lakshadweep,682553,0,1
24-10-2025,Lakshadweep,Lakshadweep,682555,0,2
24-10-2025,Lakshadweep,Lakshadweep,682559,0,1
03-11-2025,Lakshadweep,Lakshadweep,682554,1,0
03-11-2025,Lakshadweep,Lakshadweep,682557,1,2
04-11-2025,Lakshadweep,Lakshadweep,682557,0,2
02-11-2025,Lakshadweep,Lakshadweep,682552,1,1
01-11-2025,Lakshadweep,Lakshadweep,682551,2,3
06-11-2025,Lakshadweep,Lakshadweep,682553,1,2
06-11-2025,Lakshadweep,Lakshadweep,682554,2,0
06-11-2025,Lakshadweep,Lakshadweep,682557,1,0
06-11-2025,Lakshadweep,Lakshadweep,682558,0,1
15-08-2025,Lakshadweep,Lakshadweep,682555,0,1
22-08-2025,Lakshadweep,Lakshadweep,682558,0,2
30-08-2025,Lakshadweep,Lakshadweep,682551,3,0
30-08-2025,Lakshadweep,Lakshadweep,682555,1,1
30-08-2025,Lakshadweep,Lakshadweep,682558,0,1
21-09-2025,Lakshadweep,Lakshadweep,682559,0,1
20-09-2025,Lakshadweep,Lakshadweep,682553,0,3
14-08-2025,Lakshadweep,Lakshadweep,682555,1,3
08-08-2025,Lakshadweep,Lakshadweep,682552,0,3
11-08-2025,Lakshadweep,Lakshadweep,682555,0,3
26-08-2025,Lakshadweep,Lakshadweep,682551,3,1
26-08-2025,Lakshadweep,Lakshadweep,682552,1,1
26-08-2025,Lakshadweep,Lakshadweep,682553,2,3
26-08-2025,Lakshadweep,Lakshadweep,682555,16,1
26-08-2025,Lakshadweep,Lakshadweep,682558,1,0
10-08-2025,Lakshadweep,Lakshadweep,682555,0,1
15-09-2025,Lakshadweep,Lakshadweep,682555,5,4
15-09-2025,Lakshadweep,Lakshadweep,682558,0,2
28-09-2025,Lakshadweep,Lakshadweep,682559,2,3
29-09-2025,Lakshadweep,Lakshadweep,682551,0,7
10-11-2025,Lakshadweep,Lakshadweep,682555,1,2
11-11-2025,Lakshadweep,Lakshadweep,682553,0,2
11-11-2025,Lakshadweep,Lakshadweep,682555,0,1
14-11-2025,Lakshadweep,Lakshadweep,682554,1,1
14-11-2025,Lakshadweep,Lakshadweep,682557,0,2
08-11-2025,Lakshadweep,Lakshadweep,682559,0,2
19-11-2025,Lakshadweep,Lakshadweep,682557,0,1
24-11-2025,Lakshadweep,Lakshadweep,682552,0,6
23-11-2025,Lakshadweep,Lakshadweep,682551,2,1
23-11-2025,Lakshadweep,Lakshadweep,682559,4,3
18-08-2025,Lakshadweep,Lakshadweep,682551,2,3
18-08-2025,Lakshadweep,Lakshadweep,682557,1,1
19-08-2025,Lakshadweep,Lakshadweep,682557,0,1
19-08-2025,Lakshadweep,Lakshadweep,682559,0,2
16-08-2025,Lakshadweep,Lakshadweep,682558,0,1
17-08-2025,Lakshadweep,Lakshadweep,682554,1,0
01-09-2025,Lakshadweep,Lakshadweep,682558,0,1
28-08-2025,Lakshadweep,Lakshadweep,682551,0,1
28-08-2025,Lakshadweep,Lakshadweep,682552,0,1
20-08-2025,Lakshadweep,Lakshadweep,682555,0,1
20-08-2025,Lakshadweep,Lakshadweep,682559,1,3
31-08-2025,Lakshadweep,Lakshadweep,682553,0,1
13-08-2025,Lakshadweep,Lakshadweep,682551,0,7
16-09-2025,Lakshadweep,Lakshadweep,682555,3,5
13-09-2025,Lakshadweep,Lakshadweep,682553,1,0
13-09-2025,Lakshadweep,Lakshadweep,682555,3,0
12-09-2025,Lakshadweep,Lakshadweep,682555,1,0
22-09-2025,Lakshadweep,Lakshadweep,682558,3,0
22-09-2025,Lakshadweep,Lakshadweep,682559,1,3
23-09-2025,Lakshadweep,Lakshadweep,682551,1,6
23-09-2025,Lakshadweep,Lakshadweep,682555,2,2
23-09-2025,Lakshadweep,Lakshadweep,682559,0,1
15-11-2025,Lakshadweep,Lakshadweep,682552,1,0
15-11-2025,Lakshadweep,Lakshadweep,682557,1,1
15-11-2025,Lakshadweep,Lakshadweep,682559,1,0
17-11-2025,Lakshadweep,Lakshadweep,682551,3,11
17-11-2025,Lakshadweep,Lakshadweep,682553,1,0
20-11-2025,Lakshadweep,Lakshadweep,682554,0,2
20-11-2025,Lakshadweep,Lakshadweep,682556,1,0
22-11-2025,Lakshadweep,Lakshadweep,682558,1,1
21-11-2025,Lakshadweep,Lakshadweep,682553,1,0
21-11-2025,Lakshadweep,Lakshadweep,682554,0,1
25-11-2025,Lakshadweep,Lakshadweep,682553,2,1
27-11-2025,Lakshadweep,Lakshadweep,682559,2,2
28-11-2025,Lakshadweep,Lakshadweep,682551,9,2
30-11-2025,Lakshadweep,Lakshadweep,682552,3,3
07-06-2025,Lakshadweep,Lakshadweep,682555,1,1
02-06-2025,Lakshadweep,Lakshadweep,682556,0,2
18-10-2025,Lakshadweep,Lakshadweep,682559,0,2
19-10-2025,Lakshadweep,Lakshadweep,682551,5,0
20-10-2025,Lakshadweep,Lakshadweep,682556,4,1
20-10-2025,Lakshadweep,Lakshadweep,682557,9,0
21-10-2025,Lakshadweep,Lakshadweep,682551,2,0
21-10-2025,Lakshadweep,Lakshadweep,682553,1,2
21-10-2025,Lakshadweep,Lakshadweep,682556,2,0
18-06-2025,Lakshadweep,Lakshadweep,682557,0,1
21-05-2025,Lakshadweep,Lakshadweep,682557,0,1
20-06-2025,Lakshadweep,Lakshadweep,682557,0,1
21-06-2025,Lakshadweep,Lakshadweep,682557,1,0
20-05-2025,Lakshadweep,Lakshadweep,682551,3,6
20-05-2025,Lakshadweep,Lakshadweep,682552,2,3
20-05-2025,Lakshadweep,Lakshadweep,682557,0,1
20-05-2025,Lakshadweep,Lakshadweep,682559,1,3
21-05-2025,Lakshadweep,Lakshadweep,682555,0,4
21-05-2025,Lakshadweep,Lakshadweep,682559,1,1
22-05-2025,Lakshadweep,Lakshadweep,682557,0,1
22-05-2025,Lakshadweep,Lakshadweep,682559,5,1
23-05-2025,Lakshadweep,Lakshadweep,682553,1,1
23-05-2025,Lakshadweep,Lakshadweep,682557,1,0
23-05-2025,Lakshadweep,Lakshadweep,682558,1,1
24-05-2025,Lakshadweep,Lakshadweep,682552,0,2
24-05-2025,Lakshadweep,Lakshadweep,682553,4,1
24-05-2025,Lakshadweep,Lakshadweep,682555,1,4
26-05-2025,Lakshadweep,Lakshadweep,682559,0,3
03-06-2025,Lakshadweep,Lakshadweep,682553,1,1
03-06-2025,Lakshadweep,Lakshadweep,682555,1,1
30-05-2025,Lakshadweep,Lakshadweep,682553,0,1
31-05-2025,Lakshadweep,Lakshadweep,682554,1,0
04-06-2025,Lakshadweep,Lakshadweep,682551,0,1
04-06-2025,Lakshadweep,Lakshadweep,682559,1,0
05-06-2025,Lakshadweep,Lakshadweep,682557,0,2
05-06-2025,Lakshadweep,Lakshadweep,682559,3,3
28-05-2025,Lakshadweep,Lakshadweep,682551,1,6
28-05-2025,Lakshadweep,Lakshadweep,682552,5,5
28-05-2025,Lakshadweep,Lakshadweep,682557,1,0
02-06-2025,Lakshadweep,Lakshadweep,682551,8,3
02-06-2025,Lakshadweep,Lakshadweep,682552,2,3
02-06-2025,Lakshadweep,Lakshadweep,682555,1,2
06-06-2025,Lakshadweep,Lakshadweep,682552,1,0
06-06-2025,Lakshadweep,Lakshadweep,682553,2,1
22-10-2025,Lakshadweep,Lakshadweep,682555,0,1
18-10-2025,Lakshadweep,Lakshadweep,682558,0,1
30-09-2025,Lakshadweep,Lakshadweep,682556,0,3
12-09-2025,Lakshadweep,Lakshadweep,682559,0,1
04-09-2025,Lakshadweep,Lakshadweep,682552,0,1
08-09-2025,Lakshadweep,Lakshadweep,682554,0,2
10-09-2025,Lakshadweep,Lakshadweep,682555,1,3
03-09-2025,Lakshadweep,Lakshadweep,682558,0,2
30-08-2025,Lakshadweep,Lakshadweep,682553,0,1
30-08-2025,Lakshadweep,Lakshadweep,682554,0,2
21-08-2025,Lakshadweep,Lakshadweep,682559,0,4
22-08-2025,Lakshadweep,Lakshadweep,682555,0,4
10-10-2025,Lakshadweep,Lakshadweep,682552,0,1
04-10-2025,Lakshadweep,Lakshadweep,682556,0,2
23-08-2025,Lakshadweep,Lakshadweep,682553,0,2
14-08-2025,Lakshadweep,Lakshadweep,682556,0,2
14-08-2025,Lakshadweep,Lakshadweep,682557,0,1
16-08-2025,Lakshadweep,Lakshadweep,682556,1,0
18-08-2025,Lakshadweep,Lakshadweep,682559,0,1
24-07-2025,Lakshadweep,Lakshadweep,682555,0,4
24-07-2025,Lakshadweep,Lakshadweep,682556,1,1
25-07-2025,Lakshadweep,Lakshadweep,682555,2,3
27-07-2025,Lakshadweep,Lakshadweep,682556,1,2
01-08-2025,Lakshadweep,Lakshadweep,682551,0,3
01-08-2025,Lakshadweep,Lakshadweep,682557,0,1
16-07-2025,Lakshadweep,Lakshadweep,682551,0,2
16-07-2025,Lakshadweep,Lakshadweep,682556,0,6
16-07-2025,Lakshadweep,Lakshadweep,682559,0,2
17-07-2025,Lakshadweep,Lakshadweep,682552,0,2
18-07-2025,Lakshadweep,Lakshadweep,682555,0,1
19-07-2025,Lakshadweep,Lakshadweep,682554,0,1
20-07-2025,Lakshadweep,Lakshadweep,682558,1,1
02-08-2025,Lakshadweep,Lakshadweep,682555,0,1
29-07-2025,Lakshadweep,Lakshadweep,682551,1,6
29-07-2025,Lakshadweep,Lakshadweep,682559,1,2
07-07-2025,Lakshadweep,Lakshadweep,682553,0,1
21-06-2025,Lakshadweep,Lakshadweep,682555,1,4
20-06-2025,Lakshadweep,Lakshadweep,682556,0,3
24-06-2025,Lakshadweep,Lakshadweep,682552,1,2
24-06-2025,Lakshadweep,Lakshadweep,682556,1,2
24-06-2025,Lakshadweep,Lakshadweep,682557,0,1
04-07-2025,Lakshadweep,Lakshadweep,682551,2,8
04-07-2025,Lakshadweep,Lakshadweep,682555,0,4
23-07-2025,Lakshadweep,Lakshadweep,682552,1,1
23-07-2025,Lakshadweep,Lakshadweep,682553,0,1
23-07-2025,Lakshadweep,Lakshadweep,682555,0,3
17-06-2025,Lakshadweep,Lakshadweep,682552,2,2
14-06-2025,Lakshadweep,Lakshadweep,682551,0,4
14-06-2025,Lakshadweep,Lakshadweep,682553,1,5
01-07-2025,Lakshadweep,Lakshadweep,682555,1,1
29-06-2025,Lakshadweep,Lakshadweep,682559,2,6
30-06-2025,Lakshadweep,Lakshadweep,682551,1,14
30-06-2025,Lakshadweep,Lakshadweep,682552,2,6
11-06-2025,Lakshadweep,Lakshadweep,682554,0,1
11-06-2025,Lakshadweep,Lakshadweep,682556,1,0
02-07-2025,Lakshadweep,Lakshadweep,682553,0,1
15-07-2025,Lakshadweep,Lakshadweep,682551,0,7
15-07-2025,Lakshadweep,Lakshadweep,682556,0,1
15-07-2025,Lakshadweep,Lakshadweep,682558,1,3
19-06-2025,Lakshadweep,Lakshadweep,682551,0,2
19-06-2025,Lakshadweep,Lakshadweep,682557,1,1
03-07-2025,Lakshadweep,Lakshadweep,682551,0,5
03-07-2025,Lakshadweep,Lakshadweep,682552,0,4
03-07-2025,Lakshadweep,Lakshadweep,682554,0,1
03-07-2025,Lakshadweep,Lakshadweep,682559,0,1
12-06-2025,Lakshadweep,Lakshadweep,682551,2,6
12-06-2025,Lakshadweep,Lakshadweep,682553,2,3
12-06-2025,Lakshadweep,Lakshadweep,682558,0,2
26-06-2025,Lakshadweep,Lakshadweep,682557,0,1
09-07-2025,Lakshadweep,Lakshadweep,682551,2,1
09-07-2025,Lakshadweep,Lakshadweep,682555,0,3
09-07-2025,Lakshadweep,Lakshadweep,682556,0,1
11-07-2025,Lakshadweep,Lakshadweep,682553,0,2
11-07-2025,Lakshadweep,Lakshadweep,682554,0,3
12-07-2025,Lakshadweep,Lakshadweep,682551,2,3
12-07-2025,Lakshadweep,Lakshadweep,682555,0,4
22-07-2025,Lakshadweep,Lakshadweep,682555,1,0
21-07-2025,Lakshadweep,Lakshadweep,682552,1,1
21-07-2025,Lakshadweep,Lakshadweep,682558,2,2
21-07-2025,Lakshadweep,Lakshadweep,682559,0,6
30-07-2025,Lakshadweep,Lakshadweep,682553,1,0
30-07-2025,Lakshadweep,Lakshadweep,682554,2,0
30-07-2025,Lakshadweep,Lakshadweep,682556,0,1
04-08-2025,Lakshadweep,Lakshadweep,682552,1,7
31-07-2025,Lakshadweep,Lakshadweep,682554,0,2
31-07-2025,Lakshadweep,Lakshadweep,682557,0,2
31-07-2025,Lakshadweep,Lakshadweep,682559,0,2
06-08-2025,Lakshadweep,Lakshadweep,682559,0,5
12-12-2025,Lakshadweep,Lakshadweep,682552,1,6
12-12-2025,Lakshadweep,Lakshadweep,682556,0,1
16-12-2025,Lakshadweep,Lakshadweep,682558,4,0
14-12-2025,Lakshadweep,Lakshadweep,682552,2,0
14-12-2025,Lakshadweep,Lakshadweep,682556,1,1
15-12-2025,Lakshadweep,Lakshadweep,682553,0,1
29-11-2025,Lakshadweep,Lakshadweep,682559,4,1
04-12-2025,Lakshadweep,Lakshadweep,682551,0,5
08-12-2025,Lakshadweep,Lakshadweep,682552,1,4
08-12-2025,Lakshadweep,Lakshadweep,682553,0,1
08-12-2025,Lakshadweep,Lakshadweep,682554,1,2
08-12-2025,Lakshadweep,Lakshadweep,682558,0,1
09-12-2025,Lakshadweep,Lakshadweep,682555,0,1
09-12-2025,Lakshadweep,Lakshadweep,682559,1,1
06-12-2025,Lakshadweep,Lakshadweep,682552,1,1
06-12-2025,Lakshadweep,Lakshadweep,682553,1,0
06-12-2025,Lakshadweep,Lakshadweep,682559,4,3
05-12-2025,Lakshadweep,Lakshadweep,682555,1,1
02-12-2025,Lakshadweep,Lakshadweep,682553,0,1
10-12-2025,Lakshadweep,Lakshadweep,682555,1,2
17-12-2025,Lakshadweep,Lakshadweep,682556,2,0
18-12-2025,Lakshadweep,Lakshadweep,682551,2,3
18-12-2025,Lakshadweep,Lakshadweep,682554,0,2
18-12-2025,Lakshadweep,Lakshadweep,682557,2,2
20-12-2025,Lakshadweep,Lakshadweep,682559,1,0
24-12-2025,Lakshadweep,Lakshadweep,682552,5,3
25-12-2025,Lakshadweep,Lakshadweep,682551,3,0
22-12-2025,Lakshadweep,Lakshadweep,682554,1,1
22-12-2025,Lakshadweep,Lakshadweep,682557,0,1
22-12-2025,Lakshadweep,Lakshadweep,682558,1,1
22-12-2025,Lakshadweep,Lakshadweep,682559,1,0
21-12-2025,Lakshadweep,Lakshadweep,682552,1,1
21-06-2025,Lakshadweep,Lakshadweep,682558,1,0
24-06-2025,Lakshadweep,Lakshadweep,682555,0,2
28-06-2025,Lakshadweep,Lakshadweep,682557,0,1
29-05-2025,Lakshadweep,Lakshadweep,682556,0,1
19-10-2025,Lakshadweep,Lakshadweep,682552,2,0
19-10-2025,Lakshadweep,Lakshadweep,682555,10,0
18-10-2025,Lakshadweep,Lakshadweep,682551,9,6
18-10-2025,Lakshadweep,Lakshadweep,682553,2,2
18-10-2025,Lakshadweep,Lakshadweep,682554,4,0
21-10-2025,Lakshadweep,Lakshadweep,682557,9,0
21-10-2025,Lakshadweep,Lakshadweep,682559,2,3
20-10-2025,Lakshadweep,Lakshadweep,682552,2,0
20-10-2025,Lakshadweep,Lakshadweep,682553,2,0
20-10-2025,Lakshadweep,Lakshadweep,682558,1,0
02-06-2025,Lakshadweep,Lakshadweep,682557,0,1
01-06-2025,Lakshadweep,Lakshadweep,682557,0,0
28-05-2025,Lakshadweep,Lakshadweep,682558,0,3
24-07-2025,Lakshadweep,Lakshadweep,682553,0,3
06-08-2025,Lakshadweep,Lakshadweep,682557,0,2
26-07-2025,Lakshadweep,Lakshadweep,682553,2,1
16-07-2025,Lakshadweep,Lakshadweep,682557,0,2
20-07-2025,Lakshadweep,Lakshadweep,682556,0,1
21-07-2025,Lakshadweep,Lakshadweep,682556,0,2
22-07-2025,Lakshadweep,Lakshadweep,682554,0,1
07-07-2025,Lakshadweep,Lakshadweep,682556,0,1
04-07-2025,Lakshadweep,Lakshadweep,682556,0,1
25-06-2025,Lakshadweep,Lakshadweep,682556,0,1
04-12-2025,Lakshadweep,Lakshadweep,682554,0,1
03-12-2025,Lakshadweep,Lakshadweep,682557,4,0
10-12-2025,Lakshadweep,Lakshadweep,682554,1,0
14-12-2025,Lakshadweep,Lakshadweep,682551,8,2
06-12-2025,Lakshadweep,Lakshadweep,682555,1,2
01-01-2026,Lakshadweep,Lakshadweep,682552,3,1
01-01-2026,Lakshadweep,Lakshadweep,682555,2,5
29-12-2025,Lakshadweep,Lakshadweep,682553,3,2
27-12-2025,Lakshadweep,Lakshadweep,682553,3,0
02-01-2026,Lakshadweep,Lakshadweep,682553,0,1
22-12-2025,Lakshadweep,Lakshadweep,682556,0,1
23-12-2025,Lakshadweep,Lakshadweep,682553,1,1
23-12-2025,Lakshadweep,Lakshadweep,682554,0,1
23-12-2025,Lakshadweep,Lakshadweep,682556,0,1
26-12-2025,Lakshadweep,Lakshadweep,682556,0,2
17-12-2025,Lakshadweep,Lakshadweep,682559,0,1
16-12-2025,Lakshadweep,Lakshadweep,682553,0,1
10-12-2025,Lakshadweep,Lakshadweep,682556,0,1
27-11-2025,Lakshadweep,Lakshadweep,682554,0,1
01-04-2025,Lakshadweep,Lakshadweep,682555,19,33
01-03-2025,Lakshadweep,Lakshadweep,682552,56,37
01-05-2025,Lakshadweep,Lakshadweep,682554,20,19
01-05-2025,Lakshadweep,Lakshadweep,682559,60,40
24-10-2025,Lakshadweep,Lakshadweep,682554,2,0
02-11-2025,Lakshadweep,Lakshadweep,682558,2,0
08-11-2025,Lakshadweep,Lakshadweep,682552,0,2
26-11-2025,Lakshadweep,Lakshadweep,682554,0,1
19-11-2025,Lakshadweep,Lakshadweep,682554,0,2
25-11-2025,Lakshadweep,Lakshadweep,682558,0,1
01-11-2025,Lakshadweep,Lakshadweep,682553,0,3
30-10-2025,Lakshadweep,Lakshadweep,682554,0,1
07-11-2025,Lakshadweep,Lakshadweep,682556,1,1
03-11-2025,Lakshadweep,Lakshadweep,682558,0,2
23-11-2025,Lakshadweep,Lakshadweep,682556,1,2
22-11-2025,Lakshadweep,Lakshadweep,682559,0,1
31-10-2025,Lakshadweep,Lakshadweep,682553,0,3
02-10-2025,Lakshadweep,Lakshadweep,682557,0,1
25-09-2025,Lakshadweep,Lakshadweep,682552,0,1
18-09-2025,Lakshadweep,Lakshadweep,682553,1,0
25-10-2025,Lakshadweep,Lakshadweep,682556,0,1
10-10-2025,Lakshadweep,Lakshadweep,682555,0,1
09-10-2025,Lakshadweep,Lakshadweep,682555,0,2
12-10-2025,Lakshadweep,Lakshadweep,682553,0,2
22-08-2025,Lakshadweep,Lakshadweep,682557,0,1
14-08-2025,Lakshadweep,Lakshadweep,682551,0,1
14-08-2025,Lakshadweep,Lakshadweep,682553,0,2
17-08-2025,Lakshadweep,Lakshadweep,682556,0,2
23-10-2025,Lakshadweep,Lakshadweep,682558,1,1
17-09-2025,Lakshadweep,Lakshadweep,682556,0,3
29-08-2025,Lakshadweep,Lakshadweep,682553,0,2
02-09-2025,Lakshadweep,Lakshadweep,682553,0,3
19-06-2025,Lakshadweep,Lakshadweep,682552,1,3
19-06-2025,Lakshadweep,Lakshadweep,682553,1,0
27-06-2025,Lakshadweep,Lakshadweep,682551,2,3
27-06-2025,Lakshadweep,Lakshadweep,682553,1,2
28-06-2025,Lakshadweep,Lakshadweep,682554,0,2
20-07-2025,Lakshadweep,Lakshadweep,682555,2,1
19-07-2025,Lakshadweep,Lakshadweep,682551,5,5
19-07-2025,Lakshadweep,Lakshadweep,682552,0,1
19-07-2025,Lakshadweep,Lakshadweep,682557,0,1
19-07-2025,Lakshadweep,Lakshadweep,682558,0,6
19-07-2025,Lakshadweep,Lakshadweep,682559,2,3
17-07-2025,Lakshadweep,Lakshadweep,682557,0,2
22-07-2025,Lakshadweep,Lakshadweep,682559,0,2
21-07-2025,Lakshadweep,Lakshadweep,682553,0,1
21-07-2025,Lakshadweep,Lakshadweep,682555,2,2
12-07-2025,Lakshadweep,Lakshadweep,682556,5,1
25-07-2025,Lakshadweep,Lakshadweep,682558,0,4
05-06-2025,Lakshadweep,Lakshadweep,682556,0,3
05-06-2025,Lakshadweep,Lakshadweep,682558,0,1
04-06-2025,Lakshadweep,Lakshadweep,682552,0,2
09-06-2025,Lakshadweep,Lakshadweep,682551,3,3
09-06-2025,Lakshadweep,Lakshadweep,682552,4,2
18-06-2025,Lakshadweep,Lakshadweep,682551,1,0
18-06-2025,Lakshadweep,Lakshadweep,682554,0,1
15-06-2025,Lakshadweep,Lakshadweep,682558,0,1
16-06-2025,Lakshadweep,Lakshadweep,682557,0,2
14-06-2025,Lakshadweep,Lakshadweep,682559,0,2
10-06-2025,Lakshadweep,Lakshadweep,682551,8,4
10-06-2025,Lakshadweep,Lakshadweep,682553,3,3
10-06-2025,Lakshadweep,Lakshadweep,682555,2,1
10-06-2025,Lakshadweep,Lakshadweep,682558,1,0
11-06-2025,Lakshadweep,Lakshadweep,682559,1,1
13-06-2025,Lakshadweep,Lakshadweep,682552,0,2
06-06-2025,Lakshadweep,Lakshadweep,682557,0,2
20-06-2025,Lakshadweep,Lakshadweep,682558,1,0
23-06-2025,Lakshadweep,Lakshadweep,682552,2,0
02-07-2025,Lakshadweep,Lakshadweep,682551,0,5
09-07-2025,Lakshadweep,Lakshadweep,682559,0,4
06-08-2025,Lakshadweep,Lakshadweep,682552,0,4
07-08-2025,Lakshadweep,Lakshadweep,682551,0,4
09-08-2025,Lakshadweep,Lakshadweep,682553,2,1
08-08-2025,Lakshadweep,Lakshadweep,682551,0,1
08-08-2025,Lakshadweep,Lakshadweep,682559,0,1
11-08-2025,Lakshadweep,Lakshadweep,682559,2,2
08-07-2025,Lakshadweep,Lakshadweep,682553,0,1
26-06-2025,Lakshadweep,Lakshadweep,682552,0,6
26-06-2025,Lakshadweep,Lakshadweep,682553,0,4
25-06-2025,Lakshadweep,Lakshadweep,682553,0,5
04-07-2025,Lakshadweep,Lakshadweep,682553,0,1
04-07-2025,Lakshadweep,Lakshadweep,682559,0,6
05-07-2025,Lakshadweep,Lakshadweep,682551,1,5
18-07-2025,Lakshadweep,Lakshadweep,682552,0,1
18-07-2025,Lakshadweep,Lakshadweep,682559,0,1
28-07-2025,Lakshadweep,Lakshadweep,682555,2,1
28-07-2025,Lakshadweep,Lakshadweep,682556,1,1
29-07-2025,Lakshadweep,Lakshadweep,682552,0,1
29-07-2025,Lakshadweep,Lakshadweep,682553,0,3
29-07-2025,Lakshadweep,Lakshadweep,682554,2,0
29-07-2025,Lakshadweep,Lakshadweep,682558,1,4
02-08-2025,Lakshadweep,Lakshadweep,682551,0,1
04-08-2025,Lakshadweep,Lakshadweep,682555,2,1
27-07-2025,Lakshadweep,Lakshadweep,682559,4,2
01-08-2025,Lakshadweep,Lakshadweep,682554,0,2
30-07-2025,Lakshadweep,Lakshadweep,682559,1,2
05-08-2025,Lakshadweep,Lakshadweep,682557,0,3
21-05-2025,Lakshadweep,Lakshadweep,682553,2,1
21-05-2025,Lakshadweep,Lakshadweep,682558,1,3
27-05-2025,Lakshadweep,Lakshadweep,682559,1,0
28-05-2025,Lakshadweep,Lakshadweep,682559,3,0
29-05-2025,Lakshadweep,Lakshadweep,682559,1,3
26-05-2025,Lakshadweep,Lakshadweep,682556,0,2
25-05-2025,Lakshadweep,Lakshadweep,682555,2,1
22-05-2025,Lakshadweep,Lakshadweep,682556,1,0
22-05-2025,Lakshadweep,Lakshadweep,682558,1,0
31-05-2025,Lakshadweep,Lakshadweep,682552,3,4
31-05-2025,Lakshadweep,Lakshadweep,682559,2,2
23-05-2025,Lakshadweep,Lakshadweep,682559,3,1
20-05-2025,Lakshadweep,Lakshadweep,682555,3,5
24-05-2025,Lakshadweep,Lakshadweep,682556,0,4
24-06-2025,Lakshadweep,Lakshadweep,682554,1,1
01-07-2025,Lakshadweep,Lakshadweep,682551,1,9
01-07-2025,Lakshadweep,Lakshadweep,682552,0,8
01-07-2025,Lakshadweep,Lakshadweep,682559,0,2
11-07-2025,Lakshadweep,Lakshadweep,682556,0,1
17-08-2025,Lakshadweep,Lakshadweep,682551,0,1
01-09-2025,Lakshadweep,Lakshadweep,682551,0,4
01-09-2025,Lakshadweep,Lakshadweep,682552,0,1
28-08-2025,Lakshadweep,Lakshadweep,682555,0,1
23-08-2025,Lakshadweep,Lakshadweep,682556,0,1
25-08-2025,Lakshadweep,Lakshadweep,682551,0,3
25-08-2025,Lakshadweep,Lakshadweep,682558,0,1
24-08-2025,Lakshadweep,Lakshadweep,682551,1,1
24-08-2025,Lakshadweep,Lakshadweep,682557,8,0
22-08-2025,Lakshadweep,Lakshadweep,682553,1,1
02-09-2025,Lakshadweep,Lakshadweep,682552,1,3
02-09-2025,Lakshadweep,Lakshadweep,682556,1,1
24-11-2025,Lakshadweep,Lakshadweep,682553,1,1
24-11-2025,Lakshadweep,Lakshadweep,682554,1,0
24-11-2025,Lakshadweep,Lakshadweep,682558,2,2
23-11-2025,Lakshadweep,Lakshadweep,682555,0,1
23-11-2025,Lakshadweep,Lakshadweep,682557,4,2
25-11-2025,Lakshadweep,Lakshadweep,682551,1,2
25-11-2025,Lakshadweep,Lakshadweep,682552,6,4
25-11-2025,Lakshadweep,Lakshadweep,682556,0,3
25-11-2025,Lakshadweep,Lakshadweep,682559,0,1
26-11-2025,Lakshadweep,Lakshadweep,682551,1,4
04-11-2025,Lakshadweep,Lakshadweep,682558,0,1
03-11-2025,Lakshadweep,Lakshadweep,682551,5,5
14-11-2025,Lakshadweep,Lakshadweep,682552,0,3
15-11-2025,Lakshadweep,Lakshadweep,682558,1,0
19-11-2025,Lakshadweep,Lakshadweep,682552,1,6
19-11-2025,Lakshadweep,Lakshadweep,682553,3,0
29-11-2025,Lakshadweep,Lakshadweep,682551,3,6
29-11-2025,Lakshadweep,Lakshadweep,682553,1,0
29-11-2025,Lakshadweep,Lakshadweep,682555,0,1
30-11-2025,Lakshadweep,Lakshadweep,682557,5,0
08-11-2025,Lakshadweep,Lakshadweep,682557,3,2
13-11-2025,Lakshadweep,Lakshadweep,682552,0,4
13-11-2025,Lakshadweep,Lakshadweep,682559,0,3
12-11-2025,Lakshadweep,Lakshadweep,682555,2,2
12-11-2025,Lakshadweep,Lakshadweep,682557,0,3
12-11-2025,Lakshadweep,Lakshadweep,682558,1,1
05-11-2025,Lakshadweep,Lakshadweep,682557,2,1
07-11-2025,Lakshadweep,Lakshadweep,682551,0,2
17-11-2025,Lakshadweep,Lakshadweep,682559,0,3
21-11-2025,Lakshadweep,Lakshadweep,682552,2,3
21-11-2025,Lakshadweep,Lakshadweep,682556,1,0
21-11-2025,Lakshadweep,Lakshadweep,682557,4,3
21-11-2025,Lakshadweep,Lakshadweep,682559,1,0
22-11-2025,Lakshadweep,Lakshadweep,682551,6,6
22-11-2025,Lakshadweep,Lakshadweep,682557,1,0
29-08-2025,Lakshadweep,Lakshadweep,682552,0,3
30-08-2025,Lakshadweep,Lakshadweep,682552,1,1
19-09-2025,Lakshadweep,Lakshadweep,682556,0,1
19-09-2025,Lakshadweep,Lakshadweep,682557,2,0
26-10-2025,Lakshadweep,Lakshadweep,682557,2,0
10-10-2025,Lakshadweep,Lakshadweep,682551,3,1
11-10-2025,Lakshadweep,Lakshadweep,682557,1,1
11-10-2025,Lakshadweep,Lakshadweep,682558,1,0
16-10-2025,Lakshadweep,Lakshadweep,682552,0,2
16-10-2025,Lakshadweep,Lakshadweep,682558,0,1
15-10-2025,Lakshadweep,Lakshadweep,682555,1,2
27-10-2025,Lakshadweep,Lakshadweep,682553,0,3
27-10-2025,Lakshadweep,Lakshadweep,682555,5,0
02-10-2025,Lakshadweep,Lakshadweep,682555,14,2
02-10-2025,Lakshadweep,Lakshadweep,682556,2,2
03-10-2025,Lakshadweep,Lakshadweep,682552,0,2
03-10-2025,Lakshadweep,Lakshadweep,682555,1,1
03-10-2025,Lakshadweep,Lakshadweep,682559,0,1
06-10-2025,Lakshadweep,Lakshadweep,682555,0,2
06-10-2025,Lakshadweep,Lakshadweep,682557,2,1
25-09-2025,Lakshadweep,Lakshadweep,682555,4,0
29-09-2025,Lakshadweep,Lakshadweep,682557,0,2
29-09-2025,Lakshadweep,Lakshadweep,682559,0,3
08-10-2025,Lakshadweep,Lakshadweep,682558,0,2
01-12-2025,Lakshadweep,Lakshadweep,682551,2,8
01-12-2025,Lakshadweep,Lakshadweep,682555,1,0
01-12-2025,Lakshadweep,Lakshadweep,682559,1,4
03-12-2025,Lakshadweep,Lakshadweep,682551,1,5
03-12-2025,Lakshadweep,Lakshadweep,682552,1,0
04-12-2025,Lakshadweep,Lakshadweep,682555,1,0
04-12-2025,Lakshadweep,Lakshadweep,682557,2,2
05-12-2025,Lakshadweep,Lakshadweep,682551,1,2
05-12-2025,Lakshadweep,Lakshadweep,682557,1,1
05-12-2025,Lakshadweep,Lakshadweep,682559,0,2
07-12-2025,Lakshadweep,Lakshadweep,682552,2,2
09-11-2025,Lakshadweep,Lakshadweep,682556,0,2
09-11-2025,Lakshadweep,Lakshadweep,682557,0,1
10-11-2025,Lakshadweep,Lakshadweep,682551,0,7
10-11-2025,Lakshadweep,Lakshadweep,682552,0,2
10-11-2025,Lakshadweep,Lakshadweep,682557,1,1
10-11-2025,Lakshadweep,Lakshadweep,682558,0,2
11-11-2025,Lakshadweep,Lakshadweep,682551,11,8
11-11-2025,Lakshadweep,Lakshadweep,682556,0,2
11-11-2025,Lakshadweep,Lakshadweep,682557,2,4
18-11-2025,Lakshadweep,Lakshadweep,682552,0,1
18-11-2025,Lakshadweep,Lakshadweep,682553,1,3
18-11-2025,Lakshadweep,Lakshadweep,682554,0,1
18-11-2025,Lakshadweep,Lakshadweep,682557,1,2
28-11-2025,Lakshadweep,Lakshadweep,682558,1,2
09-12-2025,Lakshadweep,Lakshadweep,682557,0,1
07-09-2025,Lakshadweep,Lakshadweep,682556,3,1
21-09-2025,Lakshadweep,Lakshadweep,682557,2,0
20-09-2025,Lakshadweep,Lakshadweep,682556,3,1
20-09-2025,Lakshadweep,Lakshadweep,682559,0,1
15-09-2025,Lakshadweep,Lakshadweep,682551,1,2
15-09-2025,Lakshadweep,Lakshadweep,682556,1,1
06-09-2025,Lakshadweep,Lakshadweep,682555,1,3
09-09-2025,Lakshadweep,Lakshadweep,682552,0,2
09-09-2025,Lakshadweep,Lakshadweep,682555,2,3
09-09-2025,Lakshadweep,Lakshadweep,682557,0,2
11-09-2025,Lakshadweep,Lakshadweep,682552,0,2
11-09-2025,Lakshadweep,Lakshadweep,682555,0,3
10-09-2025,Lakshadweep,Lakshadweep,682553,0,3
13-09-2025,Lakshadweep,Lakshadweep,682556,2,2
03-09-2025,Lakshadweep,Lakshadweep,682552,0,1
24-09-2025,Lakshadweep,Lakshadweep,682557,4,0
24-09-2025,Lakshadweep,Lakshadweep,682559,1,1
22-09-2025,Lakshadweep,Lakshadweep,682551,5,8
22-09-2025,Lakshadweep,Lakshadweep,682555,1,4
22-09-2025,Lakshadweep,Lakshadweep,682557,1,4
23-09-2025,Lakshadweep,Lakshadweep,682558,0,2
04-10-2025,Lakshadweep,Lakshadweep,682552,1,0
04-10-2025,Lakshadweep,Lakshadweep,682553,1,0
04-10-2025,Lakshadweep,Lakshadweep,682555,0,7
22-10-2025,Lakshadweep,Lakshadweep,682556,4,1
23-10-2025,Lakshadweep,Lakshadweep,682551,2,6
23-10-2025,Lakshadweep,Lakshadweep,682554,1,0
23-10-2025,Lakshadweep,Lakshadweep,682557,1,0
30-10-2025,Lakshadweep,Lakshadweep,682551,1,2
30-10-2025,Lakshadweep,Lakshadweep,682558,1,2
29-10-2025,Lakshadweep,Lakshadweep,682558,1,1
01-11-2025,Lakshadweep,Lakshadweep,682556,1,1
31-10-2025,Lakshadweep,Lakshadweep,682552,1,1
31-10-2025,Lakshadweep,Lakshadweep,682557,1,2
13-10-2025,Lakshadweep,Lakshadweep,682557,7,0
12-10-2025,Lakshadweep,Lakshadweep,682552,1,1
14-10-2025,Lakshadweep,Lakshadweep,682553,1,4
16-09-2025,Lakshadweep,Lakshadweep,682559,0,4
17-09-2025,Lakshadweep,Lakshadweep,682551,2,1
17-09-2025,Lakshadweep,Lakshadweep,682553,1,2
17-09-2025,Lakshadweep,Lakshadweep,682555,2,2
18-09-2025,Lakshadweep,Lakshadweep,682551,0,4
17-10-2025,Lakshadweep,Lakshadweep,682551,3,4
17-10-2025,Lakshadweep,Lakshadweep,682556,0,1
26-09-2025,Lakshadweep,Lakshadweep,682553,1,0
26-09-2025,Lakshadweep,Lakshadweep,682555,10,4
26-09-2025,Lakshadweep,Lakshadweep,682559,0,5
01-10-2025,Lakshadweep,Lakshadweep,682551,0,2
01-10-2025,Lakshadweep,Lakshadweep,682552,3,1
27-09-2025,Lakshadweep,Lakshadweep,682557,2,2
28-09-2025,Lakshadweep,Lakshadweep,682554,2,0
09-10-2025,Lakshadweep,Lakshadweep,682553,0,1
02-11-2025,Lakshadweep,Lakshadweep,682559,2,0
08-12-2025,Lakshadweep,Lakshadweep,682551,2,5
10-12-2025,Lakshadweep,Lakshadweep,682552,5,2
10-12-2025,Lakshadweep,Lakshadweep,682558,1,0
14-12-2025,Lakshadweep,Lakshadweep,682557,1,0
11-12-2025,Lakshadweep,Lakshadweep,682552,0,8
11-12-2025,Lakshadweep,Lakshadweep,682553,0,2
13-12-2025,Lakshadweep,Lakshadweep,682552,4,3
13-12-2025,Lakshadweep,Lakshadweep,682553,1,0
13-12-2025,Lakshadweep,Lakshadweep,682558,0,1
17-12-2025,Lakshadweep,Lakshadweep,682551,5,2
16-12-2025,Lakshadweep,Lakshadweep,682559,1,1
19-12-2025,Lakshadweep,Lakshadweep,682555,1,0
23-12-2025,Lakshadweep,Lakshadweep,682559,1,0
20-12-2025,Lakshadweep,Lakshadweep,682553,0,2
24-12-2025,Lakshadweep,Lakshadweep,682558,0,1
25-12-2025,Lakshadweep,Lakshadweep,682557,0,1
26-12-2025,Lakshadweep,Lakshadweep,682552,0,3
29-12-2025,Lakshadweep,Lakshadweep,682552,1,1
29-12-2025,Lakshadweep,Lakshadweep,682556,0,1
01-01-2026,Lakshadweep,Lakshadweep,682553,0,3
01-01-2026,Lakshadweep,Lakshadweep,682559,5,2
03-01-2026,Lakshadweep,Lakshadweep,682559,1,0
07-12-2025,Lakshadweep,Lakshadweep,682554,0,1
03-12-2025,Lakshadweep,Lakshadweep,682554,1,0
15-12-2025,Lakshadweep,Lakshadweep,682554,0,1
27-12-2025,Lakshadweep,Lakshadweep,682552,2,3
13-12-2025,Lakshadweep,Lakshadweep,682559,0,1
24-12-2025,Lakshadweep,Lakshadweep,682556,1,3
22-12-2025,Lakshadweep,Lakshadweep,682553,0,3
21-12-2025,Lakshadweep,Lakshadweep,682556,1,0
15-11-2025,Lakshadweep,Lakshadweep,682553,0,2
15-11-2025,Lakshadweep,Lakshadweep,682555,1,3
15-11-2025,Lakshadweep,Lakshadweep,682556,0,2
13-11-2025,Lakshadweep,Lakshadweep,682554,0,1
01-04-2025,Lakshadweep,Lakshadweep,682557,17,18
01-03-2025,Lakshadweep,Lakshadweep,682556,25,22
01-03-2025,Lakshadweep,Lakshadweep,682555,11,28
01-05-2025,Lakshadweep,Lakshadweep,682556,17,23
01-06-2025,Lakshadweep,Lakshadweep,682551,62,100
01-06-2025,Lakshadweep,Lakshadweep,682559,40,63
01-06-2025,Lakshadweep,Lakshadweep,682553,34,53
26-10-2025,Lakshadweep,Lakshadweep,682559,4,2
17-10-2025,Lakshadweep,Lakshadweep,682555,1,1
31-10-2025,Lakshadweep,Lakshadweep,682556,1,1
05-11-2025,Lakshadweep,Lakshadweep,682554,1,0
07-11-2025,Lakshadweep,Lakshadweep,682558,0,1
09-11-2025,Lakshadweep,Lakshadweep,682555,1,1
07-12-2025,Lakshadweep,Lakshadweep,682551,0,1
16-12-2025,Lakshadweep,Lakshadweep,682552,0,2
09-12-2025,Lakshadweep,Lakshadweep,682558,0,3
22-11-2025,Lakshadweep,Lakshadweep,682553,0,3
26-11-2025,Lakshadweep,Lakshadweep,682555,0,2
19-11-2025,Lakshadweep,Lakshadweep,682558,0,1
19-11-2025,Lakshadweep,Lakshadweep,682559,0,1
07-11-2025,Lakshadweep,Lakshadweep,682559,0,1
06-11-2025,Lakshadweep,Lakshadweep,682555,1,5
03-11-2025,Lakshadweep,Lakshadweep,682553,0,1
20-07-2025,Lakshadweep,Lakshadweep,682553,0,1
22-07-2025,Lakshadweep,Lakshadweep,682552,0,1
29-07-2025,Lakshadweep,Lakshadweep,682556,0,1
06-08-2025,Lakshadweep,Lakshadweep,682553,0,3
05-08-2025,Lakshadweep,Lakshadweep,682554,0,1
11-07-2025,Lakshadweep,Lakshadweep,682558,0,1
13-07-2025,Lakshadweep,Lakshadweep,682552,0,1
25-08-2025,Lakshadweep,Lakshadweep,682554,0,1
28-08-2025,Lakshadweep,Lakshadweep,682553,0,1
28-08-2025,Lakshadweep,Lakshadweep,682558,0,3
31-08-2025,Lakshadweep,Lakshadweep,682557,1,1
20-08-2025,Lakshadweep,Lakshadweep,682556,0,1
20-08-2025,Lakshadweep,Lakshadweep,682557,0,1
03-08-2025,Lakshadweep,Lakshadweep,682553,0,5
02-08-2025,Lakshadweep,Lakshadweep,682556,0,1
21-08-2025,Lakshadweep,Lakshadweep,682555,0,2
18-08-2025,Lakshadweep,Lakshadweep,682558,0,1
01-07-2025,Lakshadweep,Lakshadweep,682554,0,1
06-07-2025,Lakshadweep,Lakshadweep,682552,0,1
08-10-2025,Lakshadweep,Lakshadweep,682552,0,2
08-10-2025,Lakshadweep,Lakshadweep,682557,5,2
08-10-2025,Lakshadweep,Lakshadweep,682559,1,3
09-10-2025,Lakshadweep,Lakshadweep,682551,6,5
09-10-2025,Lakshadweep,Lakshadweep,682552,0,1
09-10-2025,Lakshadweep,Lakshadweep,682558,0,1
13-10-2025,Lakshadweep,Lakshadweep,682555,0,2
12-10-2025,Lakshadweep,Lakshadweep,682551,9,3
12-10-2025,Lakshadweep,Lakshadweep,682558,2,0
16-10-2025,Lakshadweep,Lakshadweep,682555,1,1
16-10-2025,Lakshadweep,Lakshadweep,682559,1,0
15-10-2025,Lakshadweep,Lakshadweep,682551,2,1
15-10-2025,Lakshadweep,Lakshadweep,682559,1,1
07-11-2025,Lakshadweep,Lakshadweep,682552,0,2
07-11-2025,Lakshadweep,Lakshadweep,682553,2,0
08-11-2025,Lakshadweep,Lakshadweep,682554,3,1
08-11-2025,Lakshadweep,Lakshadweep,682555,2,1
29-10-2025,Lakshadweep,Lakshadweep,682552,1,1
29-10-2025,Lakshadweep,Lakshadweep,682553,1,1
30-10-2025,Lakshadweep,Lakshadweep,682552,1,1
30-10-2025,Lakshadweep,Lakshadweep,682557,8,9
10-11-2025,Lakshadweep,Lakshadweep,682554,1,2
10-11-2025,Lakshadweep,Lakshadweep,682559,0,1
14-11-2025,Lakshadweep,Lakshadweep,682553,0,1
18-11-2025,Lakshadweep,Lakshadweep,682555,0,2
18-11-2025,Lakshadweep,Lakshadweep,682558,1,1
29-09-2025,Lakshadweep,Lakshadweep,682555,1,3
02-10-2025,Lakshadweep,Lakshadweep,682551,2,0
02-10-2025,Lakshadweep,Lakshadweep,682559,0,2
17-10-2025,Lakshadweep,Lakshadweep,682553,0,1
03-11-2025,Lakshadweep,Lakshadweep,682555,0,2
04-11-2025,Lakshadweep,Lakshadweep,682552,0,1
04-11-2025,Lakshadweep,Lakshadweep,682556,1,0
07-10-2025,Lakshadweep,Lakshadweep,682555,1,1
07-10-2025,Lakshadweep,Lakshadweep,682559,0,5
22-10-2025,Lakshadweep,Lakshadweep,682558,0,4
22-10-2025,Lakshadweep,Lakshadweep,682559,5,0
06-11-2025,Lakshadweep,Lakshadweep,682551,0,8
28-09-2025,Lakshadweep,Lakshadweep,682553,1,0
28-09-2025,Lakshadweep,Lakshadweep,682555,0,1
01-10-2025,Lakshadweep,Lakshadweep,682556,0,2
01-10-2025,Lakshadweep,Lakshadweep,682557,1,1
14-10-2025,Lakshadweep,Lakshadweep,682555,4,0
14-10-2025,Lakshadweep,Lakshadweep,682556,1,0
14-10-2025,Lakshadweep,Lakshadweep,682559,2,2
27-09-2025,Lakshadweep,Lakshadweep,682554,1,0
27-09-2025,Lakshadweep,Lakshadweep,682559,1,3
03-10-2025,Lakshadweep,Lakshadweep,682551,2,3
03-10-2025,Lakshadweep,Lakshadweep,682558,0,1
02-11-2025,Lakshadweep,Lakshadweep,682557,2,0
01-11-2025,Lakshadweep,Lakshadweep,682557,3,0
01-11-2025,Lakshadweep,Lakshadweep,682558,3,0
13-11-2025,Lakshadweep,Lakshadweep,682551,31,5
13-11-2025,Lakshadweep,Lakshadweep,682556,0,1
13-11-2025,Lakshadweep,Lakshadweep,682557,2,4
13-11-2025,Lakshadweep,Lakshadweep,682558,0,3
12-11-2025,Lakshadweep,Lakshadweep,682551,23,7
12-11-2025,Lakshadweep,Lakshadweep,682553,1,2
12-11-2025,Lakshadweep,Lakshadweep,682559,1,3
09-12-2025,Lakshadweep,Lakshadweep,682552,5,3
08-12-2025,Lakshadweep,Lakshadweep,682555,1,4
08-12-2025,Lakshadweep,Lakshadweep,682556,0,1
10-12-2025,Lakshadweep,Lakshadweep,682559,1,4
20-11-2025,Lakshadweep,Lakshadweep,682551,0,2
20-11-2025,Lakshadweep,Lakshadweep,682555,1,0
20-11-2025,Lakshadweep,Lakshadweep,682558,1,0
11-12-2025,Lakshadweep,Lakshadweep,682556,0,1
05-10-2025,Lakshadweep,Lakshadweep,682551,3,0
25-10-2025,Lakshadweep,Lakshadweep,682552,1,1
25-10-2025,Lakshadweep,Lakshadweep,682555,6,2
25-10-2025,Lakshadweep,Lakshadweep,682558,0,1
25-10-2025,Lakshadweep,Lakshadweep,682559,3,3
10-10-2025,Lakshadweep,Lakshadweep,682553,3,1
10-10-2025,Lakshadweep,Lakshadweep,682558,0,2
10-10-2025,Lakshadweep,Lakshadweep,682559,2,0
28-10-2025,Lakshadweep,Lakshadweep,682554,3,0
27-10-2025,Lakshadweep,Lakshadweep,682556,1,2
27-10-2025,Lakshadweep,Lakshadweep,682558,1,2
02-12-2025,Lakshadweep,Lakshadweep,682551,5,2
02-12-2025,Lakshadweep,Lakshadweep,682552,1,4
03-12-2025,Lakshadweep,Lakshadweep,682553,1,2
07-12-2025,Lakshadweep,Lakshadweep,682556,0,2
06-12-2025,Lakshadweep,Lakshadweep,682554,0,1
06-12-2025,Lakshadweep,Lakshadweep,682557,1,2
24-11-2025,Lakshadweep,Lakshadweep,682555,1,1
24-11-2025,Lakshadweep,Lakshadweep,682559,1,2
27-11-2025,Lakshadweep,Lakshadweep,682558,2,0
28-11-2025,Lakshadweep,Lakshadweep,682554,2,0
28-11-2025,Lakshadweep,Lakshadweep,682557,1,2
01-12-2025,Lakshadweep,Lakshadweep,682552,1,3
01-12-2025,Lakshadweep,Lakshadweep,682557,3,0
17-12-2025,Lakshadweep,Lakshadweep,682552,1,4
17-12-2025,Lakshadweep,Lakshadweep,682555,2,2
18-12-2025,Lakshadweep,Lakshadweep,682552,1,4
18-12-2025,Lakshadweep,Lakshadweep,682553,1,1
18-12-2025,Lakshadweep,Lakshadweep,682555,2,2
18-12-2025,Lakshadweep,Lakshadweep,682558,0,1
12-12-2025,Lakshadweep,Lakshadweep,682553,1,0
15-12-2025,Lakshadweep,Lakshadweep,682551,0,5
15-12-2025,Lakshadweep,Lakshadweep,682552,3,4
15-12-2025,Lakshadweep,Lakshadweep,682558,0,2
15-12-2025,Lakshadweep,Lakshadweep,682559,1,0
16-12-2025,Lakshadweep,Lakshadweep,682555,2,3
20-09-2025,Lakshadweep,Lakshadweep,682554,0,3
19-09-2025,Lakshadweep,Lakshadweep,682558,0,2
09-10-2025,Lakshadweep,Lakshadweep,682554,0,2
21-09-2025,Lakshadweep,Lakshadweep,682555,0,1
22-09-2025,Lakshadweep,Lakshadweep,682554,0,1
15-10-2025,Lakshadweep,Lakshadweep,682558,0,1
03-10-2025,Lakshadweep,Lakshadweep,682553,0,0
02-10-2025,Lakshadweep,Lakshadweep,682553,0,1
14-09-2025,Lakshadweep,Lakshadweep,682553,0,1
17-10-2025,Lakshadweep,Lakshadweep,682554,1,0
10-09-2025,Lakshadweep,Lakshadweep,682557,0,3
03-09-2025,Lakshadweep,Lakshadweep,682553,0,6
12-06-2025,Lakshadweep,Lakshadweep,682554,0,2
01-06-2025,Lakshadweep,Lakshadweep,682556,0,1
28-06-2025,Lakshadweep,Lakshadweep,682552,0,1
16-06-2025,Lakshadweep,Lakshadweep,682554,0,1
27-05-2025,Lakshadweep,Lakshadweep,682556,0,1
19-06-2025,Lakshadweep,Lakshadweep,682554,0,1
20-06-2025,Lakshadweep,Lakshadweep,682555,0,1
10-06-2025,Lakshadweep,Lakshadweep,682559,0,1
19-10-2025,Lakshadweep,Lakshadweep,682553,4,0
19-10-2025,Lakshadweep,Lakshadweep,682556,2,0
20-10-2025,Lakshadweep,Lakshadweep,682554,1,0
20-10-2025,Lakshadweep,Lakshadweep,682555,16,0
18-10-2025,Lakshadweep,Lakshadweep,682552,1,0
18-06-2025,Lakshadweep,Lakshadweep,682558,0,1
21-10-2025,Lakshadweep,Lakshadweep,682558,0,1
25-05-2025,Lakshadweep,Lakshadweep,682551,0,1
05-08-2025,Lakshadweep,Lakshadweep,682552,2,3
04-08-2025,Lakshadweep,Lakshadweep,682553,0,3
04-08-2025,Lakshadweep,Lakshadweep,682558,1,3
06-08-2025,Lakshadweep,Lakshadweep,682558,3,7
12-08-2025,Lakshadweep,Lakshadweep,682553,0,2
12-08-2025,Lakshadweep,Lakshadweep,682558,0,2
12-08-2025,Lakshadweep,Lakshadweep,682559,2,1
08-08-2025,Lakshadweep,Lakshadweep,682553,3,1
08-08-2025,Lakshadweep,Lakshadweep,682558,1,0
09-08-2025,Lakshadweep,Lakshadweep,682555,2,0
09-08-2025,Lakshadweep,Lakshadweep,682559,1,1
07-08-2025,Lakshadweep,Lakshadweep,682552,1,3
07-08-2025,Lakshadweep,Lakshadweep,682553,1,0
07-08-2025,Lakshadweep,Lakshadweep,682558,2,4
13-08-2025,Lakshadweep,Lakshadweep,682555,1,4
13-08-2025,Lakshadweep,Lakshadweep,682558,1,5
29-07-2025,Lakshadweep,Lakshadweep,682555,0,1
01-08-2025,Lakshadweep,Lakshadweep,682552,1,2
01-08-2025,Lakshadweep,Lakshadweep,682559,1,1
02-08-2025,Lakshadweep,Lakshadweep,682553,0,1
30-07-2025,Lakshadweep,Lakshadweep,682557,0,1
31-07-2025,Lakshadweep,Lakshadweep,682555,1,1
11-08-2025,Lakshadweep,Lakshadweep,682551,0,1
11-08-2025,Lakshadweep,Lakshadweep,682557,0,2
10-08-2025,Lakshadweep,Lakshadweep,682551,1,0
10-08-2025,Lakshadweep,Lakshadweep,682559,1,2
23-08-2025,Lakshadweep,Lakshadweep,682555,0,2
23-08-2025,Lakshadweep,Lakshadweep,682557,0,2
17-08-2025,Lakshadweep,Lakshadweep,682553,1,1
16-08-2025,Lakshadweep,Lakshadweep,682552,2,2
16-08-2025,Lakshadweep,Lakshadweep,682553,1,1
16-08-2025,Lakshadweep,Lakshadweep,682559,1,0
19-08-2025,Lakshadweep,Lakshadweep,682551,0,4
18-08-2025,Lakshadweep,Lakshadweep,682553,0,1
18-08-2025,Lakshadweep,Lakshadweep,682554,1,1
18-08-2025,Lakshadweep,Lakshadweep,682556,1,0
20-08-2025,Lakshadweep,Lakshadweep,682558,1,2
22-08-2025,Lakshadweep,Lakshadweep,682552,0,3
22-08-2025,Lakshadweep,Lakshadweep,682554,0,1
22-08-2025,Lakshadweep,Lakshadweep,682559,0,2
21-08-2025,Lakshadweep,Lakshadweep,682551,0,2
21-08-2025,Lakshadweep,Lakshadweep,682558,0,2
24-08-2025,Lakshadweep,Lakshadweep,682558,2,0
05-06-2025,Lakshadweep,Lakshadweep,682552,1,6
06-06-2025,Lakshadweep,Lakshadweep,682555,0,2
06-06-2025,Lakshadweep,Lakshadweep,682559,1,0
04-06-2025,Lakshadweep,Lakshadweep,682553,0,1
04-06-2025,Lakshadweep,Lakshadweep,682557,0,1
10-06-2025,Lakshadweep,Lakshadweep,682552,8,5
11-06-2025,Lakshadweep,Lakshadweep,682553,2,0
11-06-2025,Lakshadweep,Lakshadweep,682555,0,4
07-06-2025,Lakshadweep,Lakshadweep,682552,2,3
09-06-2025,Lakshadweep,Lakshadweep,682553,5,3
12-06-2025,Lakshadweep,Lakshadweep,682552,1,3
12-06-2025,Lakshadweep,Lakshadweep,682556,1,1
13-06-2025,Lakshadweep,Lakshadweep,682553,2,6
23-05-2025,Lakshadweep,Lakshadweep,682555,3,2
23-05-2025,Lakshadweep,Lakshadweep,682556,1,0
24-05-2025,Lakshadweep,Lakshadweep,682559,2,0
20-05-2025,Lakshadweep,Lakshadweep,682558,0,1
22-05-2025,Lakshadweep,Lakshadweep,682553,5,3
22-05-2025,Lakshadweep,Lakshadweep,682554,2,1
22-05-2025,Lakshadweep,Lakshadweep,682555,2,0
26-05-2025,Lakshadweep,Lakshadweep,682551,2,2
26-05-2025,Lakshadweep,Lakshadweep,682553,3,3
26-05-2025,Lakshadweep,Lakshadweep,682554,0,2
26-05-2025,Lakshadweep,Lakshadweep,682555,2,1
25-05-2025,Lakshadweep,Lakshadweep,682553,3,0
28-05-2025,Lakshadweep,Lakshadweep,682555,1,4
29-05-2025,Lakshadweep,Lakshadweep,682552,0,1
29-05-2025,Lakshadweep,Lakshadweep,682553,1,0
29-05-2025,Lakshadweep,Lakshadweep,682555,0,1
27-05-2025,Lakshadweep,Lakshadweep,682553,3,4
27-05-2025,Lakshadweep,Lakshadweep,682555,0,2
30-05-2025,Lakshadweep,Lakshadweep,682557,0,1
15-06-2025,Lakshadweep,Lakshadweep,682551,1,0
16-06-2025,Lakshadweep,Lakshadweep,682551,0,4
16-06-2025,Lakshadweep,Lakshadweep,682553,0,4
16-06-2025,Lakshadweep,Lakshadweep,682555,2,5
14-06-2025,Lakshadweep,Lakshadweep,682555,1,3
14-06-2025,Lakshadweep,Lakshadweep,682558,1,1
24-06-2025,Lakshadweep,Lakshadweep,682553,1,4
24-06-2025,Lakshadweep,Lakshadweep,682558,1,0
24-06-2025,Lakshadweep,Lakshadweep,682559,1,5
17-06-2025,Lakshadweep,Lakshadweep,682553,0,2
17-06-2025,Lakshadweep,Lakshadweep,682556,0,1
18-06-2025,Lakshadweep,Lakshadweep,682559,1,7
19-06-2025,Lakshadweep,Lakshadweep,682556,1,2
19-06-2025,Lakshadweep,Lakshadweep,682559,0,2
22-06-2025,Lakshadweep,Lakshadweep,682553,0,2
26-06-2025,Lakshadweep,Lakshadweep,682551,3,9
26-06-2025,Lakshadweep,Lakshadweep,682555,0,2
26-06-2025,Lakshadweep,Lakshadweep,682559,0,3
12-07-2025,Lakshadweep,Lakshadweep,682553,1,2
12-07-2025,Lakshadweep,Lakshadweep,682559,0,2
13-07-2025,Lakshadweep,Lakshadweep,682555,1,0
13-07-2025,Lakshadweep,Lakshadweep,682559,2,0
15-07-2025,Lakshadweep,Lakshadweep,682552,0,2
15-07-2025,Lakshadweep,Lakshadweep,682555,0,5
14-07-2025,Lakshadweep,Lakshadweep,682551,1,1
14-07-2025,Lakshadweep,Lakshadweep,682559,0,4
23-07-2025,Lakshadweep,Lakshadweep,682559,0,3
16-07-2025,Lakshadweep,Lakshadweep,682552,0,1
16-07-2025,Lakshadweep,Lakshadweep,682553,1,0
24-07-2025,Lakshadweep,Lakshadweep,682551,0,1
24-07-2025,Lakshadweep,Lakshadweep,682554,1,1
24-07-2025,Lakshadweep,Lakshadweep,682559,2,3
28-06-2025,Lakshadweep,Lakshadweep,682551,1,9
28-06-2025,Lakshadweep,Lakshadweep,682553,0,2
28-06-2025,Lakshadweep,Lakshadweep,682555,0,3
28-06-2025,Lakshadweep,Lakshadweep,682556,0,1
28-06-2025,Lakshadweep,Lakshadweep,682559,0,1
25-06-2025,Lakshadweep,Lakshadweep,682551,0,8
25-06-2025,Lakshadweep,Lakshadweep,682552,0,1
08-07-2025,Lakshadweep,Lakshadweep,682556,1,1
08-07-2025,Lakshadweep,Lakshadweep,682559,0,4
06-07-2025,Lakshadweep,Lakshadweep,682551,1,1
07-07-2025,Lakshadweep,Lakshadweep,682551,1,2
07-07-2025,Lakshadweep,Lakshadweep,682558,3,1
09-07-2025,Lakshadweep,Lakshadweep,682552,0,3
09-07-2025,Lakshadweep,Lakshadweep,682553,0,4
09-07-2025,Lakshadweep,Lakshadweep,682557,0,1
10-07-2025,Lakshadweep,Lakshadweep,682556,1,1
10-07-2025,Lakshadweep,Lakshadweep,682559,0,2
02-07-2025,Lakshadweep,Lakshadweep,682554,0,2
02-07-2025,Lakshadweep,Lakshadweep,682556,1,1
04-07-2025,Lakshadweep,Lakshadweep,682552,0,1
18-07-2025,Lakshadweep,Lakshadweep,682556,0,2
17-07-2025,Lakshadweep,Lakshadweep,682558,1,5
17-07-2025,Lakshadweep,Lakshadweep,682559,1,5
20-07-2025,Lakshadweep,Lakshadweep,682551,3,0
20-07-2025,Lakshadweep,Lakshadweep,682559,3,0
19-07-2025,Lakshadweep,Lakshadweep,682556,1,2
26-07-2025,Lakshadweep,Lakshadweep,682551,3,6
26-07-2025,Lakshadweep,Lakshadweep,682554,0,2
26-07-2025,Lakshadweep,Lakshadweep,682556,1,0
26-07-2025,Lakshadweep,Lakshadweep,682558,0,2
28-07-2025,Lakshadweep,Lakshadweep,682553,0,1
27-08-2025,Lakshadweep,Lakshadweep,682555,2,2
28-08-2025,Lakshadweep,Lakshadweep,682559,0,1
16-09-2025,Lakshadweep,Lakshadweep,682551,1,0
11-09-2025,Lakshadweep,Lakshadweep,682559,1,0
13-09-2025,Lakshadweep,Lakshadweep,682551,4,3
12-09-2025,Lakshadweep,Lakshadweep,682556,1,0
18-09-2025,Lakshadweep,Lakshadweep,682558,0,1
19-09-2025,Lakshadweep,Lakshadweep,682554,0,1
20-09-2025,Lakshadweep,Lakshadweep,682558,0,1
23-09-2025,Lakshadweep,Lakshadweep,682552,0,5
26-09-2025,Lakshadweep,Lakshadweep,682557,0,1
25-09-2025,Lakshadweep,Lakshadweep,682558,0,2
25-09-2025,Lakshadweep,Lakshadweep,682559,0,1
02-09-2025,Lakshadweep,Lakshadweep,682558,2,2
03-09-2025,Lakshadweep,Lakshadweep,682554,0,1
15-09-2025,Lakshadweep,Lakshadweep,682557,1,0
24-09-2025,Lakshadweep,Lakshadweep,682552,0,1
24-09-2025,Lakshadweep,Lakshadweep,682556,1,0
24-09-2025,Lakshadweep,Lakshadweep,682558,2,1
06-09-2025,Lakshadweep,Lakshadweep,682551,0,2
06-09-2025,Lakshadweep,Lakshadweep,682559,1,1
08-09-2025,Lakshadweep,Lakshadweep,682552,1,1
08-09-2025,Lakshadweep,Lakshadweep,682555,1,3
09-09-2025,Lakshadweep,Lakshadweep,682551,1,3
09-09-2025,Lakshadweep,Lakshadweep,682556,0,1
24-12-2025,Lakshadweep,Lakshadweep,682551,2,1
24-12-2025,Lakshadweep,Lakshadweep,682555,0,1
24-12-2025,Lakshadweep,Lakshadweep,682557,2,0
22-12-2025,Lakshadweep,Lakshadweep,682551,5,2
19-12-2025,Lakshadweep,Lakshadweep,682551,1,2
19-12-2025,Lakshadweep,Lakshadweep,682552,0,1
23-12-2025,Lakshadweep,Lakshadweep,682552,0,5
23-12-2025,Lakshadweep,Lakshadweep,682555,1,0
26-12-2025,Lakshadweep,Lakshadweep,682558,1,0
03-01-2026,Lakshadweep,Lakshadweep,682552,0,1
02-01-2026,Lakshadweep,Lakshadweep,682552,1,2
02-01-2026,Lakshadweep,Lakshadweep,682555,1,5
29-12-2025,Lakshadweep,Lakshadweep,682555,1,1
29-12-2025,Lakshadweep,Lakshadweep,682559,3,1
28-12-2025,Lakshadweep,Lakshadweep,682551,1,0
28-12-2025,Lakshadweep,Lakshadweep,682557,0,2
27-12-2025,Lakshadweep,Lakshadweep,682551,3,2
27-12-2025,Lakshadweep,Lakshadweep,682555,1,1
27-12-2025,Lakshadweep,Lakshadweep,682556,0,1
01-01-2026,Lakshadweep,Lakshadweep,682551,12,11
07-12-2025,Lakshadweep,Lakshadweep,682555,0,2
05-12-2025,Lakshadweep,Lakshadweep,682553,0,1
04-12-2025,Lakshadweep,Lakshadweep,682552,0,1
23-12-2025,Lakshadweep,Lakshadweep,682557,1,1
26-12-2025,Lakshadweep,Lakshadweep,682553,1,1
25-12-2025,Lakshadweep,Lakshadweep,682554,1,1
17-12-2025,Lakshadweep,Lakshadweep,682558,0,1
06-12-2025,Lakshadweep,Lakshadweep,682556,1,3
20-12-2025,Lakshadweep,Lakshadweep,682556,0,1
01-12-2025,Lakshadweep,Lakshadweep,682558,0,1
29-11-2025,Lakshadweep,Lakshadweep,682552,0,1
01-04-2025,Lakshadweep,Lakshadweep,682556,69,20
01-03-2025,Lakshadweep,Lakshadweep,682551,51,78
01-03-2025,Lakshadweep,Lakshadweep,682553,22,20
01-03-2025,Lakshadweep,Lakshadweep,682559,33,42
01-04-2025,Lakshadweep,Lakshadweep,682552,77,43
01-04-2025,Lakshadweep,Lakshadweep,682551,89,104
01-05-2025,Lakshadweep,Lakshadweep,682558,19,19
01-05-2025,Lakshadweep,Lakshadweep,682555,37,64
01-06-2025,Lakshadweep,Lakshadweep,682555,12,47
02-11-2025,Lakshadweep,Lakshadweep,682555,1,2
02-11-2025,Lakshadweep,Lakshadweep,682556,1,0
09-11-2025,Lakshadweep,Lakshadweep,682551,1,1
14-11-2025,Lakshadweep,Lakshadweep,682556,0,1
14-11-2025,Lakshadweep,Lakshadweep,682558,1,0
14-11-2025,Lakshadweep,Lakshadweep,682559,0,1
16-11-2025,Lakshadweep,Lakshadweep,682551,7,4
16-11-2025,Lakshadweep,Lakshadweep,682552,1,0
17-11-2025,Lakshadweep,Lakshadweep,682556,0,1
21-11-2025,Lakshadweep,Lakshadweep,682555,0,2
10-11-2025,Lakshadweep,Lakshadweep,682556,0,1
11-11-2025,Lakshadweep,Lakshadweep,682558,0,2
06-11-2025,Lakshadweep,Lakshadweep,682552,0,3
06-11-2025,Lakshadweep,Lakshadweep,682556,0,5
26-11-2025,Lakshadweep,Lakshadweep,682556,0,1
25-11-2025,Lakshadweep,Lakshadweep,682555,0,3
12-11-2025,Lakshadweep,Lakshadweep,682554,1,0
14-11-2025,Lakshadweep,Lakshadweep,682555,0,1
01-09-2025,Lakshadweep,Lakshadweep,682553,0,1
06-09-2025,Lakshadweep,Lakshadweep,682552,0,2
02-09-2025,Lakshadweep,Lakshadweep,682557,0,2
25-08-2025,Lakshadweep,Lakshadweep,682556,0,1
25-08-2025,Lakshadweep,Lakshadweep,682559,0,2
27-08-2025,Lakshadweep,Lakshadweep,682551,0,1
28-08-2025,Lakshadweep,Lakshadweep,682556,0,1
26-09-2025,Lakshadweep,Lakshadweep,682552,0,2
26-09-2025,Lakshadweep,Lakshadweep,682554,0,1
16-09-2025,Lakshadweep,Lakshadweep,682556,0,2
13-09-2025,Lakshadweep,Lakshadweep,682558,0,2
08-10-2025,Lakshadweep,Lakshadweep,682553,0,3
13-10-2025,Lakshadweep,Lakshadweep,682554,0,1
10-10-2025,Lakshadweep,Lakshadweep,682554,0,2
03-10-2025,Lakshadweep,Lakshadweep,682554,0,1
01-10-2025,Lakshadweep,Lakshadweep,682553,0,2
28-09-2025,Lakshadweep,Lakshadweep,682551,0,2
28-09-2025,Lakshadweep,Lakshadweep,682556,1,0
30-09-2025,Lakshadweep,Lakshadweep,682553,0,3
30-09-2025,Lakshadweep,Lakshadweep,682559,1,1
23-09-2025,Lakshadweep,Lakshadweep,682553,0,3
12-09-2025,Lakshadweep,Lakshadweep,682554,0,1
08-08-2025,Lakshadweep,Lakshadweep,682557,1,1
11-08-2025,Lakshadweep,Lakshadweep,682558,0,1
27-06-2025,Lakshadweep,Lakshadweep,682557,0,1
08-07-2025,Lakshadweep,Lakshadweep,682557,0,2
19-10-2025,Lakshadweep,Lakshadweep,682557,4,0
20-10-2025,Lakshadweep,Lakshadweep,682551,15,4
20-10-2025,Lakshadweep,Lakshadweep,682559,0,2
21-10-2025,Lakshadweep,Lakshadweep,682552,2,2
21-10-2025,Lakshadweep,Lakshadweep,682554,1,0
21-10-2025,Lakshadweep,Lakshadweep,682555,3,1
02-06-2025,Lakshadweep,Lakshadweep,682554,0,1
04-06-2025,Lakshadweep,Lakshadweep,682558,1,0
11-06-2025,Lakshadweep,Lakshadweep,682558,0,1
21-05-2025,Lakshadweep,Lakshadweep,682551,3,2
21-05-2025,Lakshadweep,Lakshadweep,682552,2,4
22-05-2025,Lakshadweep,Lakshadweep,682552,3,2
24-05-2025,Lakshadweep,Lakshadweep,682551,1,3
24-05-2025,Lakshadweep,Lakshadweep,682554,3,1
23-05-2025,Lakshadweep,Lakshadweep,682551,0,5
23-05-2025,Lakshadweep,Lakshadweep,682552,1,2
25-05-2025,Lakshadweep,Lakshadweep,682556,1,3
27-05-2025,Lakshadweep,Lakshadweep,682552,4,3
03-06-2025,Lakshadweep,Lakshadweep,682551,3,2
03-06-2025,Lakshadweep,Lakshadweep,682556,0,1
03-06-2025,Lakshadweep,Lakshadweep,682559,0,2
17-06-2025,Lakshadweep,Lakshadweep,682559,2,5
16-06-2025,Lakshadweep,Lakshadweep,682556,3,3
16-06-2025,Lakshadweep,Lakshadweep,682559,2,4
04-06-2025,Lakshadweep,Lakshadweep,682556,2,2
31-05-2025,Lakshadweep,Lakshadweep,682551,2,1
31-05-2025,Lakshadweep,Lakshadweep,682556,1,0
30-05-2025,Lakshadweep,Lakshadweep,682555,0,4
30-05-2025,Lakshadweep,Lakshadweep,682559,0,1
05-06-2025,Lakshadweep,Lakshadweep,682551,1,3
09-06-2025,Lakshadweep,Lakshadweep,682557,0,2
09-06-2025,Lakshadweep,Lakshadweep,682559,2,0
11-06-2025,Lakshadweep,Lakshadweep,682552,2,3
10-06-2025,Lakshadweep,Lakshadweep,682554,0,1
12-06-2025,Lakshadweep,Lakshadweep,682557,1,0
12-06-2025,Lakshadweep,Lakshadweep,682559,4,9
13-06-2025,Lakshadweep,Lakshadweep,682551,1,1
13-06-2025,Lakshadweep,Lakshadweep,682555,1,0
15-06-2025,Lakshadweep,Lakshadweep,682552,0,1
30-05-2025,Lakshadweep,Lakshadweep,682551,0,1
28-05-2025,Lakshadweep,Lakshadweep,682554,0,2
25-05-2025,Lakshadweep,Lakshadweep,682552,0,2
22-06-2025,Lakshadweep,Lakshadweep,682557,0,1
17-06-2025,Lakshadweep,Lakshadweep,682554,0,1
18-06-2025,Lakshadweep,Lakshadweep,682556,0,1
07-06-2025,Lakshadweep,Lakshadweep,682553,0,1
08-06-2025,Lakshadweep,Lakshadweep,682551,0,1
14-07-2025,Lakshadweep,Lakshadweep,682558,0,1
18-10-2025,Lakshadweep,Lakshadweep,682557,5,2
03-08-2025,Lakshadweep,Lakshadweep,682556,0,1
22-07-2025,Lakshadweep,Lakshadweep,682556,0,1
27-09-2025,Lakshadweep,Lakshadweep,682552,2,6
01-10-2025,Lakshadweep,Lakshadweep,682555,3,3
19-09-2025,Lakshadweep,Lakshadweep,682552,1,0
19-09-2025,Lakshadweep,Lakshadweep,682555,1,1
20-09-2025,Lakshadweep,Lakshadweep,682555,2,3
16-09-2025,Lakshadweep,Lakshadweep,682553,0,2
16-09-2025,Lakshadweep,Lakshadweep,682557,1,2
16-09-2025,Lakshadweep,Lakshadweep,682558,0,1
17-09-2025,Lakshadweep,Lakshadweep,682552,1,2
17-09-2025,Lakshadweep,Lakshadweep,682557,0,1
17-09-2025,Lakshadweep,Lakshadweep,682559,4,5
28-09-2025,Lakshadweep,Lakshadweep,682557,2,0
29-09-2025,Lakshadweep,Lakshadweep,682552,0,3
29-09-2025,Lakshadweep,Lakshadweep,682553,0,1
29-09-2025,Lakshadweep,Lakshadweep,682556,1,0
24-09-2025,Lakshadweep,Lakshadweep,682554,0,2
30-09-2025,Lakshadweep,Lakshadweep,682558,1,2
03-10-2025,Lakshadweep,Lakshadweep,682556,0,1
22-09-2025,Lakshadweep,Lakshadweep,682552,3,2
22-09-2025,Lakshadweep,Lakshadweep,682553,4,1
22-09-2025,Lakshadweep,Lakshadweep,682556,0,4
23-09-2025,Lakshadweep,Lakshadweep,682557,2,2
06-10-2025,Lakshadweep,Lakshadweep,682552,1,4
29-10-2025,Lakshadweep,Lakshadweep,682551,1,9
29-10-2025,Lakshadweep,Lakshadweep,682554,0,2
29-10-2025,Lakshadweep,Lakshadweep,682556,1,0
28-10-2025,Lakshadweep,Lakshadweep,682551,2,1
28-10-2025,Lakshadweep,Lakshadweep,682553,0,2
28-10-2025,Lakshadweep,Lakshadweep,682559,0,4
30-10-2025,Lakshadweep,Lakshadweep,682553,0,1
30-10-2025,Lakshadweep,Lakshadweep,682556,0,2
30-10-2025,Lakshadweep,Lakshadweep,682559,0,2
08-11-2025,Lakshadweep,Lakshadweep,682551,3,5
08-11-2025,Lakshadweep,Lakshadweep,682558,0,1
11-10-2025,Lakshadweep,Lakshadweep,682554,3,0
02-11-2025,Lakshadweep,Lakshadweep,682553,0,2
01-11-2025,Lakshadweep,Lakshadweep,682552,1,1
10-11-2025,Lakshadweep,Lakshadweep,682553,2,0
09-10-2025,Lakshadweep,Lakshadweep,682556,0,3
24-10-2025,Lakshadweep,Lakshadweep,682556,1,1
06-11-2025,Lakshadweep,Lakshadweep,682559,2,0
07-10-2025,Lakshadweep,Lakshadweep,682551,0,2
07-10-2025,Lakshadweep,Lakshadweep,682557,1,2
08-10-2025,Lakshadweep,Lakshadweep,682555,0,3
17-10-2025,Lakshadweep,Lakshadweep,682559,2,1
04-11-2025,Lakshadweep,Lakshadweep,682559,0,1
13-11-2025,Lakshadweep,Lakshadweep,682553,2,2
13-11-2025,Lakshadweep,Lakshadweep,682555,1,1
12-11-2025,Lakshadweep,Lakshadweep,682552,0,1
14-10-2025,Lakshadweep,Lakshadweep,682551,14,3
14-10-2025,Lakshadweep,Lakshadweep,682552,0,1
14-10-2025,Lakshadweep,Lakshadweep,682558,4,0
15-10-2025,Lakshadweep,Lakshadweep,682552,1,4
27-10-2025,Lakshadweep,Lakshadweep,682551,4,0
27-10-2025,Lakshadweep,Lakshadweep,682552,1,0
27-10-2025,Lakshadweep,Lakshadweep,682557,4,4
13-10-2025,Lakshadweep,Lakshadweep,682551,5,0
23-10-2025,Lakshadweep,Lakshadweep,682552,0,1
05-11-2025,Lakshadweep,Lakshadweep,682551,1,3
05-11-2025,Lakshadweep,Lakshadweep,682552,0,2
05-11-2025,Lakshadweep,Lakshadweep,682559,0,1
11-11-2025,Lakshadweep,Lakshadweep,682559,0,1
20-11-2025,Lakshadweep,Lakshadweep,682553,1,0
17-11-2025,Lakshadweep,Lakshadweep,682552,0,1
18-11-2025,Lakshadweep,Lakshadweep,682551,0,3
21-11-2025,Lakshadweep,Lakshadweep,682558,0,1
22-11-2025,Lakshadweep,Lakshadweep,682556,0,1
14-11-2025,Lakshadweep,Lakshadweep,682551,6,2
15-11-2025,Lakshadweep,Lakshadweep,682551,11,8
19-11-2025,Lakshadweep,Lakshadweep,682551,5,1
19-11-2025,Lakshadweep,Lakshadweep,682555,0,1
27-11-2025,Lakshadweep,Lakshadweep,682557,1,7
28-11-2025,Lakshadweep,Lakshadweep,682552,1,1
28-11-2025,Lakshadweep,Lakshadweep,682555,1,1
28-11-2025,Lakshadweep,Lakshadweep,682559,2,0
24-11-2025,Lakshadweep,Lakshadweep,682551,4,2
24-11-2025,Lakshadweep,Lakshadweep,682556,3,1
24-11-2025,Lakshadweep,Lakshadweep,682557,4,2
23-11-2025,Lakshadweep,Lakshadweep,682552,4,1
26-11-2025,Lakshadweep,Lakshadweep,682552,0,1
26-11-2025,Lakshadweep,Lakshadweep,682558,1,0
26-11-2025,Lakshadweep,Lakshadweep,682559,1,2
11-07-2025,Lakshadweep,Lakshadweep,682552,0,3
11-07-2025,Lakshadweep,Lakshadweep,682557,0,3
11-07-2025,Lakshadweep,Lakshadweep,682559,1,5
16-07-2025,Lakshadweep,Lakshadweep,682558,1,6
19-07-2025,Lakshadweep,Lakshadweep,682555,1,2
10-07-2025,Lakshadweep,Lakshadweep,682551,0,6
10-07-2025,Lakshadweep,Lakshadweep,682552,0,5
10-07-2025,Lakshadweep,Lakshadweep,682553,0,1
17-07-2025,Lakshadweep,Lakshadweep,682555,0,3
18-07-2025,Lakshadweep,Lakshadweep,682551,0,1
18-07-2025,Lakshadweep,Lakshadweep,682553,1,1
18-07-2025,Lakshadweep,Lakshadweep,682554,0,1
18-07-2025,Lakshadweep,Lakshadweep,682558,2,3
27-07-2025,Lakshadweep,Lakshadweep,682552,3,1
27-07-2025,Lakshadweep,Lakshadweep,682553,1,2
28-07-2025,Lakshadweep,Lakshadweep,682554,0,1
28-07-2025,Lakshadweep,Lakshadweep,682557,0,4
28-07-2025,Lakshadweep,Lakshadweep,682558,1,1
12-07-2025,Lakshadweep,Lakshadweep,682552,1,2
13-07-2025,Lakshadweep,Lakshadweep,682553,3,0
14-07-2025,Lakshadweep,Lakshadweep,682554,0,1
15-07-2025,Lakshadweep,Lakshadweep,682553,0,6
15-07-2025,Lakshadweep,Lakshadweep,682557,1,0
26-07-2025,Lakshadweep,Lakshadweep,682555,1,2
26-07-2025,Lakshadweep,Lakshadweep,682559,1,3
22-07-2025,Lakshadweep,Lakshadweep,682553,0,2
22-07-2025,Lakshadweep,Lakshadweep,682558,0,3
23-07-2025,Lakshadweep,Lakshadweep,682551,2,5
23-07-2025,Lakshadweep,Lakshadweep,682557,0,1
25-07-2025,Lakshadweep,Lakshadweep,682556,0,1
25-07-2025,Lakshadweep,Lakshadweep,682559,1,7
21-06-2025,Lakshadweep,Lakshadweep,682553,1,4
21-06-2025,Lakshadweep,Lakshadweep,682554,0,1
21-06-2025,Lakshadweep,Lakshadweep,682559,5,3
18-06-2025,Lakshadweep,Lakshadweep,682552,0,2
01-07-2025,Lakshadweep,Lakshadweep,682553,0,5
01-07-2025,Lakshadweep,Lakshadweep,682557,0,1
03-07-2025,Lakshadweep,Lakshadweep,682555,0,3
22-06-2025,Lakshadweep,Lakshadweep,682551,0,4
22-06-2025,Lakshadweep,Lakshadweep,682552,3,0
22-06-2025,Lakshadweep,Lakshadweep,682556,3,3
22-06-2025,Lakshadweep,Lakshadweep,682559,2,1
23-06-2025,Lakshadweep,Lakshadweep,682551,5,11
23-06-2025,Lakshadweep,Lakshadweep,682559,2,2
27-06-2025,Lakshadweep,Lakshadweep,682556,1,3
04-07-2025,Lakshadweep,Lakshadweep,682557,0,3
04-07-2025,Lakshadweep,Lakshadweep,682558,0,1
05-07-2025,Lakshadweep,Lakshadweep,682556,1,2
05-07-2025,Lakshadweep,Lakshadweep,682558,0,1
05-07-2025,Lakshadweep,Lakshadweep,682559,1,0
20-06-2025,Lakshadweep,Lakshadweep,682552,0,1
20-06-2025,Lakshadweep,Lakshadweep,682553,1,1
20-06-2025,Lakshadweep,Lakshadweep,682559,2,1
26-06-2025,Lakshadweep,Lakshadweep,682556,0,2
29-06-2025,Lakshadweep,Lakshadweep,682551,4,0
29-06-2025,Lakshadweep,Lakshadweep,682553,2,1
29-06-2025,Lakshadweep,Lakshadweep,682556,3,1
30-06-2025,Lakshadweep,Lakshadweep,682555,0,2
30-06-2025,Lakshadweep,Lakshadweep,682557,0,3
30-06-2025,Lakshadweep,Lakshadweep,682558,0,1
30-06-2025,Lakshadweep,Lakshadweep,682559,0,4
02-07-2025,Lakshadweep,Lakshadweep,682555,1,8
02-07-2025,Lakshadweep,Lakshadweep,682557,1,3
02-07-2025,Lakshadweep,Lakshadweep,682559,1,1
08-07-2025,Lakshadweep,Lakshadweep,682555,1,3
30-07-2025,Lakshadweep,Lakshadweep,682551,1,7
30-07-2025,Lakshadweep,Lakshadweep,682552,1,2
30-07-2025,Lakshadweep,Lakshadweep,682555,2,3
30-07-2025,Lakshadweep,Lakshadweep,682558,1,3
31-07-2025,Lakshadweep,Lakshadweep,682553,0,2
31-07-2025,Lakshadweep,Lakshadweep,682558,3,1
06-08-2025,Lakshadweep,Lakshadweep,682555,1,2
06-08-2025,Lakshadweep,Lakshadweep,682556,0,1
05-08-2025,Lakshadweep,Lakshadweep,682551,0,8
05-08-2025,Lakshadweep,Lakshadweep,682553,0,2
05-08-2025,Lakshadweep,Lakshadweep,682555,1,0
05-08-2025,Lakshadweep,Lakshadweep,682559,2,4
04-08-2025,Lakshadweep,Lakshadweep,682556,0,1
04-08-2025,Lakshadweep,Lakshadweep,682557,2,2
09-08-2025,Lakshadweep,Lakshadweep,682551,1,2
09-08-2025,Lakshadweep,Lakshadweep,682556,0,1
09-08-2025,Lakshadweep,Lakshadweep,682557,0,2
25-08-2025,Lakshadweep,Lakshadweep,682557,0,1
26-08-2025,Lakshadweep,Lakshadweep,682556,1,0
26-08-2025,Lakshadweep,Lakshadweep,682557,1,1
26-08-2025,Lakshadweep,Lakshadweep,682559,1,0
27-08-2025,Lakshadweep,Lakshadweep,682552,0,1
27-08-2025,Lakshadweep,Lakshadweep,682553,1,1
01-09-2025,Lakshadweep,Lakshadweep,682555,0,6
01-09-2025,Lakshadweep,Lakshadweep,682557,1,0
10-08-2025,Lakshadweep,Lakshadweep,682552,1,0
10-08-2025,Lakshadweep,Lakshadweep,682553,0,1
16-08-2025,Lakshadweep,Lakshadweep,682551,1,3
17-08-2025,Lakshadweep,Lakshadweep,682559,2,0
21-08-2025,Lakshadweep,Lakshadweep,682552,0,1
21-08-2025,Lakshadweep,Lakshadweep,682556,1,1
29-08-2025,Lakshadweep,Lakshadweep,682556,0,1
29-08-2025,Lakshadweep,Lakshadweep,682558,0,1
13-08-2025,Lakshadweep,Lakshadweep,682559,0,2
18-08-2025,Lakshadweep,Lakshadweep,682552,0,1
02-08-2025,Lakshadweep,Lakshadweep,682552,0,1
19-08-2025,Lakshadweep,Lakshadweep,682558,0,3
20-08-2025,Lakshadweep,Lakshadweep,682551,0,4
23-08-2025,Lakshadweep,Lakshadweep,682558,0,2
23-08-2025,Lakshadweep,Lakshadweep,682559,1,1
04-09-2025,Lakshadweep,Lakshadweep,682551,0,3
09-09-2025,Lakshadweep,Lakshadweep,682554,1,0
14-09-2025,Lakshadweep,Lakshadweep,682551,1,0
14-09-2025,Lakshadweep,Lakshadweep,682552,1,1
15-09-2025,Lakshadweep,Lakshadweep,682554,1,0
15-09-2025,Lakshadweep,Lakshadweep,682559,2,1
31-08-2025,Lakshadweep,Lakshadweep,682556,1,3
30-08-2025,Lakshadweep,Lakshadweep,682556,0,2
08-09-2025,Lakshadweep,Lakshadweep,682551,1,4
08-09-2025,Lakshadweep,Lakshadweep,682553,1,4
08-09-2025,Lakshadweep,Lakshadweep,682559,0,2
13-09-2025,Lakshadweep,Lakshadweep,682552,0,1
13-09-2025,Lakshadweep,Lakshadweep,682554,1,0
13-09-2025,Lakshadweep,Lakshadweep,682559,2,1
12-09-2025,Lakshadweep,Lakshadweep,682551,0,3
12-09-2025,Lakshadweep,Lakshadweep,682553,0,1
06-09-2025,Lakshadweep,Lakshadweep,682553,1,2
06-09-2025,Lakshadweep,Lakshadweep,682557,0,1
11-09-2025,Lakshadweep,Lakshadweep,682556,2,0
11-09-2025,Lakshadweep,Lakshadweep,682557,1,1
10-09-2025,Lakshadweep,Lakshadweep,682552,3,5
10-09-2025,Lakshadweep,Lakshadweep,682556,1,2
10-09-2025,Lakshadweep,Lakshadweep,682558,1,3
13-12-2025,Lakshadweep,Lakshadweep,682551,20,3
13-12-2025,Lakshadweep,Lakshadweep,682555,3,3
13-12-2025,Lakshadweep,Lakshadweep,682556,1,1
13-12-2025,Lakshadweep,Lakshadweep,682557,1,2
12-12-2025,Lakshadweep,Lakshadweep,682551,7,4
12-12-2025,Lakshadweep,Lakshadweep,682554,0,1
12-12-2025,Lakshadweep,Lakshadweep,682559,0,3
16-12-2025,Lakshadweep,Lakshadweep,682551,5,3
16-12-2025,Lakshadweep,Lakshadweep,682554,1,0
16-12-2025,Lakshadweep,Lakshadweep,682557,0,1
01-12-2025,Lakshadweep,Lakshadweep,682553,1,1
01-12-2025,Lakshadweep,Lakshadweep,682556,0,2
04-12-2025,Lakshadweep,Lakshadweep,682558,0,1
09-12-2025,Lakshadweep,Lakshadweep,682551,4,4
09-12-2025,Lakshadweep,Lakshadweep,682554,1,1
06-12-2025,Lakshadweep,Lakshadweep,682551,10,7
06-12-2025,Lakshadweep,Lakshadweep,682558,0,2
08-12-2025,Lakshadweep,Lakshadweep,682557,1,0
08-12-2025,Lakshadweep,Lakshadweep,682559,1,5
29-11-2025,Lakshadweep,Lakshadweep,682556,1,2
02-12-2025,Lakshadweep,Lakshadweep,682554,2,0
02-12-2025,Lakshadweep,Lakshadweep,682557,0,1
02-12-2025,Lakshadweep,Lakshadweep,682559,0,1
05-12-2025,Lakshadweep,Lakshadweep,682552,4,1
07-12-2025,Lakshadweep,Lakshadweep,682557,2,0
07-12-2025,Lakshadweep,Lakshadweep,682559,4,1
10-12-2025,Lakshadweep,Lakshadweep,682551,3,5
10-12-2025,Lakshadweep,Lakshadweep,682557,2,3
11-12-2025,Lakshadweep,Lakshadweep,682551,3,3
17-12-2025,Lakshadweep,Lakshadweep,682554,1,1
17-12-2025,Lakshadweep,Lakshadweep,682557,1,3
24-12-2025,Lakshadweep,Lakshadweep,682553,2,1
25-12-2025,Lakshadweep,Lakshadweep,682553,3,2
25-12-2025,Lakshadweep,Lakshadweep,682556,0,1
20-12-2025,Lakshadweep,Lakshadweep,682555,0,2
19-12-2025,Lakshadweep,Lakshadweep,682554,0,2
22-12-2025,Lakshadweep,Lakshadweep,682555,1,2
23-12-2025,Lakshadweep,Lakshadweep,682551,1,0
